DROP TABLE IF EXISTS Mengawasi;
DROP TABLE IF EXISTS Diberi_kepada;
DROP TABLE IF EXISTS Berpartisipasi_di;
DROP TABLE IF EXISTS Memasok;
DROP TABLE IF EXISTS Kontrak;
DROP TABLE IF EXISTS Sesi;
DROP TABLE IF EXISTS GrandPrix;
DROP TABLE IF EXISTS Spesialisasi_Marshal;
DROP TABLE IF EXISTS Pembalap_Pensiun;
DROP TABLE IF EXISTS Pembalap_Aktif;
DROP TABLE IF EXISTS Pembalap;
DROP TABLE IF EXISTS Sirkuit;
DROP TABLE IF EXISTS Tim;
DROP TABLE IF EXISTS Marshal;
DROP TABLE IF EXISTS Supplier_Mesin;
DROP TABLE IF EXISTS Musim;
DROP TABLE IF EXISTS Penghargaan;
DROP TABLE IF EXISTS Negara;

SET NAMES utf8mb4;

CREATE TABLE Negara (
    id_negara INT PRIMARY KEY,
    nama_negara VARCHAR(100)
);

CREATE TABLE Penghargaan (
    id_penghargaan INT PRIMARY KEY,
    jenis_penghargaan VARCHAR(100)
);

CREATE TABLE Musim (
    id_musim INT PRIMARY KEY,
    tahun INT,
    total_gp INT
);

CREATE TABLE Supplier_Mesin (
    id_supplier INT PRIMARY KEY,
    nama_supplier VARCHAR(100)
);

CREATE TABLE Marshal (
    id_marshal INT PRIMARY KEY,
    nama VARCHAR(100),
    level_sertifikasi VARCHAR(50)
);

CREATE TABLE Tim (
    id_tim INT PRIMARY KEY,
    nama_tim VARCHAR(100),
    team_principal VARCHAR(100),
    anggaran_musim FLOAT,
    id_negara INT,
    FOREIGN KEY (id_negara) REFERENCES Negara(id_negara)
);

CREATE TABLE Sirkuit (
    id_sirkuit INT PRIMARY KEY,
    nama_sirkuit VARCHAR(100),
    panjang_lintasan FLOAT,
    jumlah_tikungan INT,
    id_negara INT,
    FOREIGN KEY (id_negara) REFERENCES Negara(id_negara)
);

CREATE TABLE Pembalap (
    id_pembalap INT PRIMARY KEY,
    nama VARCHAR(100),
    nomor_balap INT,
    total_poin INT,
    id_negara INT,
    FOREIGN KEY (id_negara) REFERENCES Negara(id_negara)
);

CREATE TABLE Pembalap_Aktif (
    id_pembalap INT PRIMARY KEY,
    tahun_debut INT,
    status_kontrak VARCHAR(50),
    FOREIGN KEY (id_pembalap) REFERENCES Pembalap(id_pembalap)
);

CREATE TABLE Pembalap_Pensiun (
    id_pembalap INT PRIMARY KEY,
    tahun_pensiun INT,
    total_balapan INT,
    FOREIGN KEY (id_pembalap) REFERENCES Pembalap(id_pembalap)
);

CREATE TABLE Spesialisasi_Marshal (
    id_marshal INT,
    spesialisasi VARCHAR(100),
    PRIMARY KEY (id_marshal, spesialisasi),
    FOREIGN KEY (id_marshal) REFERENCES Marshal(id_marshal)
);

CREATE TABLE GrandPrix (
    id_gp INT PRIMARY KEY,
    nama_gp VARCHAR(100),
    tanggal DATE,
    id_musim INT,
    id_sirkuit INT,
    FOREIGN KEY (id_musim) REFERENCES Musim(id_musim),
    FOREIGN KEY (id_sirkuit) REFERENCES Sirkuit(id_sirkuit)
);

CREATE TABLE Sesi (
    id_sesi INT PRIMARY KEY,
    id_gp INT,
    jenis_sesi VARCHAR(50),
    tanggal DATE,
    FOREIGN KEY (id_gp) REFERENCES GrandPrix(id_gp)
);

CREATE TABLE Kontrak (
    id_pembalap INT,
    id_tim INT,
    id_musim INT,
    musim_kontrak INT,
    PRIMARY KEY (id_pembalap, id_tim, id_musim),
    FOREIGN KEY (id_pembalap) REFERENCES Pembalap(id_pembalap),
    FOREIGN KEY (id_tim) REFERENCES Tim(id_tim),
    FOREIGN KEY (id_musim) REFERENCES Musim(id_musim)
);

CREATE TABLE Memasok (
    id_supplier INT,
    id_tim INT,
    id_musim INT,
    PRIMARY KEY (id_supplier, id_tim, id_musim),
    FOREIGN KEY (id_supplier) REFERENCES Supplier_Mesin(id_supplier),
    FOREIGN KEY (id_tim) REFERENCES Tim(id_tim),
    FOREIGN KEY (id_musim) REFERENCES Musim(id_musim)
);

CREATE TABLE Berpartisipasi_di (
    id_pembalap INT,
    id_gp INT,
    posisi_finish INT,
    waktu_tempuh VARCHAR(20),
    poin INT,
    PRIMARY KEY (id_pembalap, id_gp),
    FOREIGN KEY (id_pembalap) REFERENCES Pembalap(id_pembalap),
    FOREIGN KEY (id_gp) REFERENCES GrandPrix(id_gp)
);

CREATE TABLE Diberi_kepada (
    id_pembalap INT,
    id_gp INT,
    id_penghargaan INT,
    PRIMARY KEY (id_pembalap, id_gp, id_penghargaan),
    FOREIGN KEY (id_pembalap) REFERENCES Pembalap(id_pembalap),
    FOREIGN KEY (id_gp) REFERENCES GrandPrix(id_gp),
    FOREIGN KEY (id_penghargaan) REFERENCES Penghargaan(id_penghargaan)
);

CREATE TABLE Mengawasi (
    id_marshal INT,
    id_sesi INT,
    id_gp INT,
    PRIMARY KEY (id_marshal, id_sesi, id_gp),
    FOREIGN KEY (id_marshal) REFERENCES Marshal(id_marshal),
    FOREIGN KEY (id_sesi) REFERENCES Sesi(id_sesi),
    FOREIGN KEY (id_gp) REFERENCES GrandPrix(id_gp)
);

SET autocommit=0;

INSERT INTO `Negara` VALUES
(1, 'American Samoa'),
(2, 'Belarus'),
(3, 'Belize'),
(4, 'Congo'),
(5, 'Cote d''Ivoire'),
(6, 'Eritrea'),
(7, 'Falkland Islands (Malvinas)'),
(8, 'Fiji'),
(9, 'Gibraltar'),
(10, 'Guernsey'),
(11, 'Guyana'),
(12, 'Hungary'),
(13, 'Monaco'),
(14, 'Nepal'),
(15, 'Russian Federation'),
(16, 'South Africa'),
(17, 'Syrian Arab Republic'),
(18, 'Turkey'),
(19, 'Turks and Caicos Islands'),
(20, 'Zimbabwe');

INSERT INTO `Tim` VALUES
(1, 'Shadow', 'Thiago Nicolas Peralta', 3100000, 11),
(2, 'Coloni', 'John Meier', 900000, 12),
(3, 'Bugatti', 'Théo Henrard Compère', 3000000, 9),
(4, 'Kauhsen', 'Ryan Pearson', 1300000, 3),
(5, 'Toyota', 'Mark Murphy', 3500000, 13),
(6, 'Red Bull Racing', 'Lautaro Castillo Fernandez', 1600000, 10),
(7, 'Lancia', 'Rayan Orban', 700000, 6),
(8, 'Lyncar', 'Sheri Green', 1900000, 18),
(9, 'British Racing Motors', 'Lucas Acuña', 2800000, 1),
(10, 'Tec-Mec', 'Tatiana Liégeois', 800000, 2),
(11, 'McGuire', 'John Ospelt', 1900000, 4),
(12, 'Fondmetal', 'Cédric Bruno', 600000, 5),
(13, 'Matra', 'Nicolas Messina', 1600000, 16),
(14, 'Scirocco', 'John May', 1400000, 20),
(15, 'Racing Point Force India', 'Richard Marshall', 3300000, 15),
(16, 'Auto Technisches Spezialzubehor', 'Jennifer Johnson', 1300000, 7),
(17, 'Talbot-Lago', 'Jacob Parrish', 600000, 8),
(18, 'Racing Point', 'Robert Duchesne', 2700000, 14),
(19, 'Walter Wolf Racing', 'Jane Thein', 500000, 19),
(20, 'March', 'Jane Weiler', 3000000, 17),
(21, 'Pacific', 'Jane Wirtz', 2100000, 10),
(22, 'Arzani-Volpini', 'Jane Gassner', 3000000, 11),
(23, 'English Racing Automobiles', 'John Poos', 600000, 5),
(24, 'Simca-Gordini', 'Annabelle Heinen', 1900000, 17),
(25, 'Hispania Racing Team', 'Jane Öhri', 2800000, 12),
(26, 'Maserati', 'Philippe Carlier', 1900000, 16),
(27, 'Behra-Porsche', 'Julien Demoulin Brasseur', 1500000, 15),
(28, 'McLaren', 'Jane Schaack', 3500000, 4),
(29, 'Ensign', 'Juana Garcia', 3000000, 14),
(30, 'RE', 'Salvador Mateo Benjamin Sanchez', 500000, 6),
(31, 'Frank Williams Racing Cars', 'Sara Guadalupe Romero', 1300000, 8),
(32, 'Cooper Car Company', 'Jeffrey Diaz', 900000, 7),
(33, 'Spyker', 'John Schmit', 1000000, 2),
(34, 'Porsche', 'Jane Wolff', 900000, 18),
(35, 'Mercedes', 'Nicole Mathieu', 3100000, 9),
(36, 'O.S.C.A.', 'Santino Sara Sanchez Fernandez', 700000, 13),
(37, 'Aston Butterworth', 'Tania Jadoul', 3000000, 3),
(38, 'LDS', 'Jane Oehri', 1200000, 20),
(39, 'Bellasi', 'Camila Isabella Carrizo', 700000, 1),
(40, 'Alfa Romeo', 'Rafael Francesca Godoy', 3500000, 19),
(41, 'MBM', 'Aaron Bowman', 1700000, 7),
(42, 'Arrows', 'Olivier Robert', 1200000, 15),
(43, 'Lambo', 'John Lampert', 2700000, 9),
(44, 'Zakspeed', 'Axel Wouters', 3400000, 12),
(45, 'Connew', 'Mary Morris', 2100000, 4),
(46, 'Rebaque', 'Emma Hubert', 1600000, 1),
(47, 'Tyrrell', 'Ryan Cannon', 2500000, 6),
(48, 'Manor', 'Jane Pereira', 1300000, 18),
(49, 'Honda', 'Jennifer Mason', 2700000, 11),
(50, 'Lola', 'John Biedermann', 2900000, 2);

INSERT INTO `Sirkuit` VALUES
(1, 'Circuito Permanente de Jerez', 20385, 21, 3),
(2, 'Bugatti Circuit', 15874, 30, 10),
(3, 'Nurburgring', 9785, 11, 4),
(4, 'Circuit de Charade', 16626, 4, 2),
(5, 'Circuit de Monaco', 16894, 13, 12),
(6, 'Hockenheimring', 12893, 19, 17),
(7, 'Caesars Palace Grand Prix Circuit', 8671, 22, 1),
(8, 'Prince George Circuit', 22268, 5, 11),
(9, 'Circuit Mont-Tremblant', 4029, 31, 18),
(10, 'Korea International Circuit', 17595, 29, 16),
(11, 'Red Bull Ring', 20524, 29, 5),
(12, 'Algarve International Circuit', 15385, 5, 9),
(13, 'Circuit de Pedralbes', 13309, 7, 20),
(14, 'TI Circuit Aida', 5366, 13, 13),
(15, 'Circuit Zandvoort', 20577, 25, 14),
(16, 'Circuit Bremgarten', 5674, 7, 19),
(17, 'Brands Hatch Circuit', 10570, 28, 15),
(18, 'Circuit de Spa-Francorchamps', 22640, 11, 7),
(19, 'Circuito Permanente del Jarama', 13053, 37, 8),
(20, 'Autodromo Internacional Nelson Piquet', 17334, 16, 6),
(21, 'Autodromo Internazionale Enzo e Dino Ferrari', 11696, 27, 11),
(22, 'Sochi Autodrom', 21958, 31, 19),
(23, 'Montjuic Circuit', 11911, 32, 20),
(24, 'Yas Marina Circuit', 3987, 34, 14),
(25, 'Nivelles-Baulers', 17417, 33, 15),
(26, 'Valencia Street Circuit', 12982, 23, 12),
(27, 'Donington Park', 9835, 13, 9),
(28, 'Circuit of the Americas', 7418, 25, 18),
(29, 'Autodromo Jose Carlos Pace', 6967, 13, 3),
(30, 'Dallas Fair Park', 21051, 19, 13),
(31, 'AVUS', 21381, 8, 2),
(32, 'Circuit Gilles Villeneuve', 11604, 15, 1),
(33, 'Scandinavian Raceway', 9044, 29, 5),
(34, 'Rouen-Les-Essarts', 4827, 34, 6),
(35, 'Mosport Park', 16004, 18, 8),
(36, 'Marina Bay Street Circuit', 14578, 38, 4),
(37, 'Zeltweg Airfield', 3870, 6, 10),
(38, 'Kyalami Grand Prix Circuit', 12257, 28, 7),
(39, 'Watkins Glen International', 10410, 7, 17),
(40, 'Lusail International Circuit', 20160, 28, 16),
(41, 'Phoenix Street Circuit', 5816, 12, 12),
(42, 'Circuito da Boavista', 9583, 24, 1),
(43, 'Circuit de Reims-Gueux', 12129, 19, 20),
(44, 'Jeddah Corniche Circuit', 17143, 11, 3),
(45, 'Autodromo do Estoril', 14255, 23, 4),
(46, 'Autodromo Hermanos Rodriguez', 20399, 36, 15),
(47, 'Aintree Motor Racing Circuit', 11157, 32, 11),
(48, 'Albert Park Circuit', 6408, 26, 2),
(49, 'Sepang International Circuit', 18291, 20, 16),
(50, 'Pescara Circuit', 5099, 35, 19);

INSERT INTO `Musim` VALUES
(1, 1952, 8),
(2, 1956, 7),
(3, 1962, 5),
(4, 1964, 7),
(5, 1966, 8),
(6, 1978, 8),
(7, 1983, 8),
(8, 1984, 5),
(9, 1986, 7),
(10, 1987, 7),
(11, 1991, 7),
(12, 1998, 5),
(13, 1999, 7),
(14, 2000, 6),
(15, 2001, 6),
(16, 2011, 4),
(17, 2012, 4),
(18, 2019, 4),
(19, 2023, 5),
(20, 2024, 5);

INSERT INTO `Penghargaan` VALUES
(1, 'Most Positions Gained'),
(2, 'Driver of the Day'),
(3, 'Fastest Lap'),
(4, 'Most Positions Gained'),
(5, 'Driver of the Day'),
(6, 'Fastest Lap'),
(7, 'Most Positions Gained'),
(8, 'Driver of the Day'),
(9, 'Fastest Lap'),
(10, 'Most Positions Gained'),
(11, 'Driver of the Day'),
(12, 'Fastest Lap'),
(13, 'Most Positions Gained'),
(14, 'Driver of the Day'),
(15, 'Fastest Lap'),
(16, 'Most Positions Gained'),
(17, 'Driver of the Day'),
(18, 'Fastest Lap'),
(19, 'Most Positions Gained'),
(20, 'Driver of the Day'),
(21, 'Fastest Lap'),
(22, 'Most Positions Gained'),
(23, 'Driver of the Day'),
(24, 'Fastest Lap'),
(25, 'Most Positions Gained'),
(26, 'Driver of the Day'),
(27, 'Fastest Lap'),
(28, 'Most Positions Gained'),
(29, 'Driver of the Day'),
(30, 'Fastest Lap'),
(31, 'Most Positions Gained'),
(32, 'Driver of the Day'),
(33, 'Fastest Lap'),
(34, 'Most Positions Gained'),
(35, 'Driver of the Day'),
(36, 'Fastest Lap'),
(37, 'Most Positions Gained'),
(38, 'Driver of the Day'),
(39, 'Fastest Lap'),
(40, 'Most Positions Gained'),
(41, 'Driver of the Day'),
(42, 'Fastest Lap'),
(43, 'Most Positions Gained'),
(44, 'Driver of the Day'),
(45, 'Fastest Lap'),
(46, 'Most Positions Gained'),
(47, 'Driver of the Day'),
(48, 'Fastest Lap'),
(49, 'Most Positions Gained'),
(50, 'Driver of the Day'),
(51, 'Fastest Lap'),
(52, 'Most Positions Gained'),
(53, 'Driver of the Day'),
(54, 'Fastest Lap'),
(55, 'Most Positions Gained'),
(56, 'Driver of the Day'),
(57, 'Fastest Lap'),
(58, 'Most Positions Gained'),
(59, 'Driver of the Day'),
(60, 'Fastest Lap'),
(61, 'Most Positions Gained'),
(62, 'Driver of the Day'),
(63, 'Fastest Lap'),
(64, 'Most Positions Gained'),
(65, 'Driver of the Day'),
(66, 'Fastest Lap'),
(67, 'Most Positions Gained'),
(68, 'Driver of the Day'),
(69, 'Fastest Lap'),
(70, 'Most Positions Gained'),
(71, 'Driver of the Day'),
(72, 'Fastest Lap'),
(73, 'Most Positions Gained'),
(74, 'Driver of the Day'),
(75, 'Fastest Lap'),
(76, 'Most Positions Gained'),
(77, 'Driver of the Day'),
(78, 'Fastest Lap'),
(79, 'Most Positions Gained'),
(80, 'Driver of the Day'),
(81, 'Fastest Lap'),
(82, 'Most Positions Gained'),
(83, 'Driver of the Day'),
(84, 'Fastest Lap'),
(85, 'Most Positions Gained'),
(86, 'Driver of the Day'),
(87, 'Fastest Lap'),
(88, 'Most Positions Gained'),
(89, 'Driver of the Day'),
(90, 'Fastest Lap'),
(91, 'Most Positions Gained'),
(92, 'Driver of the Day'),
(93, 'Fastest Lap'),
(94, 'Most Positions Gained'),
(95, 'Driver of the Day'),
(96, 'Fastest Lap'),
(97, 'Most Positions Gained'),
(98, 'Driver of the Day'),
(99, 'Fastest Lap'),
(100, 'Most Positions Gained'),
(101, 'Driver of the Day'),
(102, 'Fastest Lap'),
(103, 'Most Positions Gained'),
(104, 'Driver of the Day'),
(105, 'Fastest Lap'),
(106, 'Most Positions Gained'),
(107, 'Driver of the Day'),
(108, 'Fastest Lap'),
(109, 'Most Positions Gained'),
(110, 'Driver of the Day'),
(111, 'Fastest Lap'),
(112, 'Most Positions Gained'),
(113, 'Driver of the Day'),
(114, 'Fastest Lap'),
(115, 'Most Positions Gained'),
(116, 'Driver of the Day'),
(117, 'Fastest Lap'),
(118, 'Most Positions Gained'),
(119, 'Driver of the Day'),
(120, 'Fastest Lap'),
(121, 'Most Positions Gained'),
(122, 'Driver of the Day'),
(123, 'Fastest Lap'),
(124, 'Most Positions Gained'),
(125, 'Driver of the Day'),
(126, 'Fastest Lap'),
(127, 'Most Positions Gained'),
(128, 'Driver of the Day'),
(129, 'Fastest Lap'),
(130, 'Most Positions Gained'),
(131, 'Driver of the Day'),
(132, 'Fastest Lap'),
(133, 'Most Positions Gained'),
(134, 'Driver of the Day'),
(135, 'Fastest Lap'),
(136, 'Most Positions Gained'),
(137, 'Driver of the Day'),
(138, 'Fastest Lap'),
(139, 'Most Positions Gained'),
(140, 'Driver of the Day'),
(141, 'Fastest Lap'),
(142, 'Most Positions Gained'),
(143, 'Driver of the Day'),
(144, 'Fastest Lap'),
(145, 'Most Positions Gained'),
(146, 'Driver of the Day'),
(147, 'Fastest Lap'),
(148, 'Most Positions Gained'),
(149, 'Driver of the Day'),
(150, 'Fastest Lap'),
(151, 'Most Positions Gained'),
(152, 'Driver of the Day'),
(153, 'Fastest Lap'),
(154, 'Most Positions Gained'),
(155, 'Driver of the Day'),
(156, 'Fastest Lap'),
(157, 'Most Positions Gained'),
(158, 'Driver of the Day'),
(159, 'Fastest Lap'),
(160, 'Most Positions Gained'),
(161, 'Driver of the Day'),
(162, 'Fastest Lap'),
(163, 'Most Positions Gained'),
(164, 'Driver of the Day'),
(165, 'Fastest Lap'),
(166, 'Most Positions Gained'),
(167, 'Driver of the Day'),
(168, 'Fastest Lap'),
(169, 'Most Positions Gained'),
(170, 'Driver of the Day'),
(171, 'Fastest Lap'),
(172, 'Most Positions Gained'),
(173, 'Driver of the Day'),
(174, 'Fastest Lap'),
(175, 'Most Positions Gained'),
(176, 'Driver of the Day'),
(177, 'Fastest Lap'),
(178, 'Most Positions Gained'),
(179, 'Driver of the Day'),
(180, 'Fastest Lap'),
(181, 'Most Positions Gained'),
(182, 'Driver of the Day'),
(183, 'Fastest Lap'),
(184, 'Most Positions Gained'),
(185, 'Driver of the Day'),
(186, 'Fastest Lap'),
(187, 'Most Positions Gained'),
(188, 'Driver of the Day'),
(189, 'Fastest Lap'),
(190, 'Most Positions Gained'),
(191, 'Driver of the Day'),
(192, 'Fastest Lap'),
(193, 'Most Positions Gained'),
(194, 'Driver of the Day'),
(195, 'Fastest Lap'),
(196, 'Most Positions Gained'),
(197, 'Driver of the Day'),
(198, 'Fastest Lap'),
(199, 'Most Positions Gained'),
(200, 'Driver of the Day'),
(201, 'Fastest Lap'),
(202, 'Most Positions Gained'),
(203, 'Driver of the Day'),
(204, 'Fastest Lap'),
(205, 'Most Positions Gained'),
(206, 'Driver of the Day'),
(207, 'Fastest Lap'),
(208, 'Most Positions Gained'),
(209, 'Driver of the Day'),
(210, 'Fastest Lap'),
(211, 'Most Positions Gained'),
(212, 'Driver of the Day'),
(213, 'Fastest Lap'),
(214, 'Most Positions Gained'),
(215, 'Driver of the Day'),
(216, 'Fastest Lap'),
(217, 'Most Positions Gained'),
(218, 'Driver of the Day'),
(219, 'Fastest Lap'),
(220, 'Most Positions Gained'),
(221, 'Driver of the Day'),
(222, 'Fastest Lap'),
(223, 'Most Positions Gained'),
(224, 'Driver of the Day'),
(225, 'Fastest Lap'),
(226, 'Most Positions Gained'),
(227, 'Driver of the Day'),
(228, 'Fastest Lap'),
(229, 'Most Positions Gained'),
(230, 'Driver of the Day'),
(231, 'Fastest Lap'),
(232, 'Most Positions Gained'),
(233, 'Driver of the Day'),
(234, 'Fastest Lap'),
(235, 'Most Positions Gained'),
(236, 'Driver of the Day'),
(237, 'Fastest Lap'),
(238, 'Most Positions Gained'),
(239, 'Driver of the Day'),
(240, 'Fastest Lap'),
(241, 'Most Positions Gained'),
(242, 'Driver of the Day'),
(243, 'Fastest Lap'),
(244, 'Most Positions Gained'),
(245, 'Driver of the Day'),
(246, 'Fastest Lap'),
(247, 'Most Positions Gained'),
(248, 'Driver of the Day'),
(249, 'Fastest Lap'),
(250, 'Most Positions Gained'),
(251, 'Driver of the Day'),
(252, 'Fastest Lap'),
(253, 'Most Positions Gained'),
(254, 'Driver of the Day'),
(255, 'Fastest Lap'),
(256, 'Most Positions Gained'),
(257, 'Driver of the Day'),
(258, 'Fastest Lap'),
(259, 'Most Positions Gained'),
(260, 'Driver of the Day'),
(261, 'Fastest Lap'),
(262, 'Most Positions Gained'),
(263, 'Driver of the Day'),
(264, 'Fastest Lap'),
(265, 'Most Positions Gained'),
(266, 'Driver of the Day'),
(267, 'Fastest Lap'),
(268, 'Most Positions Gained'),
(269, 'Driver of the Day'),
(270, 'Fastest Lap'),
(271, 'Most Positions Gained'),
(272, 'Driver of the Day'),
(273, 'Fastest Lap'),
(274, 'Most Positions Gained'),
(275, 'Driver of the Day'),
(276, 'Fastest Lap'),
(277, 'Most Positions Gained'),
(278, 'Driver of the Day'),
(279, 'Fastest Lap'),
(280, 'Most Positions Gained'),
(281, 'Driver of the Day'),
(282, 'Fastest Lap'),
(283, 'Most Positions Gained'),
(284, 'Driver of the Day'),
(285, 'Fastest Lap'),
(286, 'Most Positions Gained'),
(287, 'Driver of the Day'),
(288, 'Fastest Lap'),
(289, 'Most Positions Gained'),
(290, 'Driver of the Day'),
(291, 'Fastest Lap'),
(292, 'Most Positions Gained'),
(293, 'Driver of the Day'),
(294, 'Fastest Lap'),
(295, 'Most Positions Gained'),
(296, 'Driver of the Day'),
(297, 'Fastest Lap'),
(298, 'Most Positions Gained'),
(299, 'Driver of the Day'),
(300, 'Fastest Lap'),
(301, 'Most Positions Gained'),
(302, 'Driver of the Day'),
(303, 'Fastest Lap'),
(304, 'Most Positions Gained'),
(305, 'Driver of the Day'),
(306, 'Fastest Lap'),
(307, 'Most Positions Gained'),
(308, 'Driver of the Day'),
(309, 'Fastest Lap'),
(310, 'Most Positions Gained'),
(311, 'Driver of the Day'),
(312, 'Fastest Lap'),
(313, 'Most Positions Gained'),
(314, 'Driver of the Day'),
(315, 'Fastest Lap'),
(316, 'Most Positions Gained'),
(317, 'Driver of the Day'),
(318, 'Fastest Lap'),
(319, 'Most Positions Gained'),
(320, 'Driver of the Day'),
(321, 'Fastest Lap'),
(322, 'Most Positions Gained'),
(323, 'Driver of the Day'),
(324, 'Fastest Lap'),
(325, 'Most Positions Gained'),
(326, 'Driver of the Day'),
(327, 'Fastest Lap'),
(328, 'Most Positions Gained'),
(329, 'Driver of the Day'),
(330, 'Fastest Lap'),
(331, 'Most Positions Gained'),
(332, 'Driver of the Day'),
(333, 'Fastest Lap'),
(334, 'Most Positions Gained'),
(335, 'Driver of the Day'),
(336, 'Fastest Lap'),
(337, 'Most Positions Gained'),
(338, 'Driver of the Day'),
(339, 'Fastest Lap'),
(340, 'Most Positions Gained'),
(341, 'Driver of the Day'),
(342, 'Fastest Lap'),
(343, 'Most Positions Gained'),
(344, 'Driver of the Day'),
(345, 'Fastest Lap'),
(346, 'Most Positions Gained'),
(347, 'Driver of the Day'),
(348, 'Fastest Lap'),
(349, 'Most Positions Gained'),
(350, 'Driver of the Day'),
(351, 'Fastest Lap'),
(352, 'Most Positions Gained'),
(353, 'Driver of the Day'),
(354, 'Fastest Lap'),
(355, 'Most Positions Gained'),
(356, 'Driver of the Day'),
(357, 'Fastest Lap'),
(358, 'Most Positions Gained'),
(359, 'Driver of the Day'),
(360, 'Fastest Lap'),
(361, 'Most Positions Gained'),
(362, 'Driver of the Day'),
(363, 'Fastest Lap'),
(364, 'Most Positions Gained'),
(365, 'Driver of the Day'),
(366, 'Fastest Lap'),
(367, 'Most Positions Gained'),
(368, 'Driver of the Day'),
(369, 'Fastest Lap');

INSERT INTO `Supplier_Mesin` VALUES
(1, 'Conrero'),
(2, 'Ford'),
(3, 'Mercedes~'),
(4, 'Mugen-Honda'),
(5, 'Renault'),
(6, 'Sauber'),
(7, 'Butterworth'),
(8, 'Asiatech'),
(9, 'Veritas'),
(10, 'Yamaha'),
(11, 'Scarab'),
(12, 'European'),
(13, 'Ferrari~'),
(14, 'Serenissima'),
(15, 'Repco'),
(16, 'Bugatti'),
(17, 'Pratt & Whitney'),
(18, 'Audi~'),
(19, 'Judd'),
(20, 'Red Bull Powertrains');

INSERT INTO `Marshal` VALUES
(1, 'Jane Büchel', 'Nasional'),
(2, 'Jane Lorang', 'Nasional'),
(3, 'John Beck', 'Internasional'),
(4, 'John Meyers', 'Nasional'),
(5, 'Frédéric Goossens', 'Nasional'),
(6, 'Stephen Larson', 'Internasional'),
(7, 'John Velazquez', 'Nasional'),
(8, 'John Becker', 'Nasional'),
(9, 'Cyril Roland', 'Nasional'),
(10, 'John Büchel', 'Nasional'),
(11, 'Sr(a). Olivia Mendez', 'Nasional'),
(12, 'Stephen Kane', 'Internasional'),
(13, 'Philippe Bastien', 'Internasional'),
(14, 'John Banzer', 'Internasional'),
(15, 'Sr(a). Lautaro Gomez', 'Nasional'),
(16, 'Catherine Evans', 'Internasional'),
(17, 'Rose-Marie Delvigne', 'Nasional'),
(18, 'Willy Brasseur', 'Nasional'),
(19, 'John Dos santos', 'Nasional'),
(20, 'Luciana Delfina Rodriguez Suarez', 'Internasional');

INSERT INTO `Spesialisasi_Marshal` VALUES
(1, 'Observer Marshal'),
(2, 'Incidental Marshal'),
(3, 'Observer Marshal'),
(5, 'Incidental Marshal'),
(5, 'Flag Marshal'),
(6, 'Observer Marshal'),
(8, 'Flag Marshal'),
(8, 'Observer Marshal'),
(8, 'Incidental Marshal'),
(9, 'Observer Marshal'),
(11, 'Observer Marshal'),
(11, 'Flag Marshal'),
(11, 'Incidental Marshal'),
(12, 'Incidental Marshal'),
(12, 'Observer Marshal'),
(13, 'Incidental Marshal'),
(13, 'Flag Marshal'),
(13, 'Observer Marshal'),
(14, 'Observer Marshal'),
(14, 'Incidental Marshal'),
(14, 'Flag Marshal'),
(15, 'Flag Marshal'),
(15, 'Observer Marshal'),
(15, 'Incidental Marshal'),
(16, 'Incidental Marshal'),
(16, 'Flag Marshal'),
(17, 'Observer Marshal'),
(17, 'Incidental Marshal'),
(17, 'Flag Marshal'),
(19, 'Flag Marshal'),
(20, 'Observer Marshal'),
(20, 'Incidental Marshal'),
(20, 'Flag Marshal');

INSERT INTO `Pembalap` VALUES
(1, 'Dr(a). Sofia Dominguez', 92, 194, 20),
(2, 'John Kaufmann', 93, 105, 18),
(3, 'Jessica Garcia', 53, 206, 15),
(4, 'Carmen Green', 52, 93, 12),
(5, 'Mia Valentina Tomas Gonzalez Perez', 32, 175, 1),
(6, 'Cynthia George', 90, 125, 11),
(7, 'Jane Hoffmann', 8, 200, 13),
(8, 'Dr(a). Sofia Paz', 27, 219, 8),
(9, 'Malena Castillo', 75, 160, 2),
(10, 'Jane Beck', 66, 197, 16),
(11, 'Clara Ian Benjamin Rivero Castillo', 42, 230, 9),
(12, 'John Majerus', 34, 143, 10),
(13, 'John Büchel', 39, 103, 5),
(14, 'Theresa Daniels', 65, 220, 3),
(15, 'Jane Dias', 91, 199, 17),
(16, 'James Rose', 19, 161, 6),
(17, 'Facundo Cabrera Medina', 49, 208, 14),
(18, 'Angela Saunders', 94, 134, 4),
(19, 'Christine Fisher', 97, 184, 7),
(20, 'Michael Mendoza', 22, 177, 19),
(21, 'Richard Bryan', 55, 217, 15),
(22, 'Jane Colbach', 14, 234, 20),
(23, 'Joaquin Lopez', 11, 93, 4),
(24, 'Olivia Emma Rodriguez', 54, 122, 2),
(25, 'Jane Lopes', 72, 106, 16),
(26, 'Luciana Ignacio Sanchez Rodriguez', 44, 152, 3),
(27, 'Jane Baum', 25, 98, 18),
(28, 'Jane Gillen', 82, 173, 8),
(29, 'Jane Wolff', 84, 163, 13),
(30, 'John Koch', 23, 190, 17),
(31, 'Constanza Hernandez', 20, 168, 7),
(32, 'Damien Mathieu', 3, 157, 19),
(33, 'John Theisen', 85, 243, 1),
(34, 'John Welter', 89, 106, 9),
(35, 'Charles Cannon', 77, 68, 14),
(36, 'John Frommelt', 24, 174, 6),
(37, 'Kenneth Chavez', 59, 221, 10),
(38, 'Ana Paula Bautista Quiroga', 57, 129, 12),
(39, 'Dr(a). Helena Juarez', 29, 112, 5),
(40, 'John Kaufmann', 63, 165, 11),
(41, 'John Kaufmann', 30, 132, 4),
(42, 'Anita Park', 16, 164, 7),
(43, 'John Marxer', 96, 275, 15),
(44, 'Michelle Sacré', 51, 144, 20),
(45, 'Morena Benitez', 50, 209, 14),
(46, 'Tabitha Hopkins', 12, 154, 18),
(47, 'Patrick Dumont', 43, 158, 2),
(48, 'Cody Ramirez', 73, 158, 13),
(49, 'Jean-Marc Janssen', 26, 183, 16),
(50, 'Juan Ignacio Navarro', 2, 188, 11),
(51, 'Kurt Buckley', 68, 71, 5),
(52, 'John Nägele', 48, 146, 3),
(53, 'Jane Oehri', 62, 261, 10),
(54, 'John Frick', 36, 176, 1),
(55, 'John Weber', 45, 150, 17),
(56, 'Rhonda Li', 18, 150, 9),
(57, 'Jane Fernandes', 46, 199, 6),
(58, 'John Dostert', 74, 244, 19),
(59, 'Mary Jackson', 87, 145, 12),
(60, 'Valentine Devos', 69, 190, 8),
(61, 'Dr(a). Ignacio Rios', 17, 209, 9),
(62, 'Joseph Pearson', 60, 123, 3),
(63, 'Dr(a). Joaquin Perez', 79, 178, 10),
(64, 'Jane Gonçalves', 61, 81, 8),
(65, 'John Nickels', 31, 165, 12),
(66, 'Dr(a). Juan Cruz Villalba', 80, 115, 15),
(67, 'Jane Theis', 70, 210, 2),
(68, 'John Lampert', 38, 182, 16),
(69, 'Dr(a). Bautista Benjamin Flores', 76, 128, 6),
(70, 'John Scheer', 28, 124, 14),
(71, 'Alex Meyer Bodart', 5, 158, 7),
(72, 'John Schädler', 6, 88, 13),
(73, 'Bautista Thiago Gutierrez', 56, 319, 4),
(74, 'John Schädler', 21, 146, 17),
(75, 'John Schädler', 15, 176, 19);

INSERT INTO `Pembalap_Aktif` VALUES
(2, 2021, 'Aktif'),
(3, 2011, 'Tidak Aktif'),
(5, 2021, 'Aktif'),
(7, 1976, 'Aktif'),
(8, 1990, 'Tidak Aktif'),
(10, 1991, 'Tidak Aktif'),
(11, 1954, 'Aktif'),
(13, 2024, 'Aktif'),
(14, 1980, 'Tidak Aktif'),
(15, 1982, 'Aktif'),
(16, 1972, 'Aktif'),
(17, 1961, 'Tidak Aktif'),
(18, 2012, 'Aktif'),
(19, 2015, 'Tidak Aktif'),
(20, 2022, 'Aktif'),
(22, 1971, 'Tidak Aktif'),
(25, 1979, 'Aktif'),
(28, 2010, 'Tidak Aktif'),
(29, 1992, 'Aktif'),
(30, 1978, 'Aktif'),
(31, 2001, 'Aktif'),
(32, 2008, 'Tidak Aktif'),
(33, 1985, 'Tidak Aktif'),
(34, 1989, 'Tidak Aktif'),
(35, 1992, 'Aktif'),
(37, 1979, 'Tidak Aktif'),
(38, 1992, 'Tidak Aktif'),
(39, 1992, 'Tidak Aktif'),
(40, 1970, 'Tidak Aktif'),
(41, 2007, 'Aktif'),
(43, 2013, 'Tidak Aktif'),
(44, 1992, 'Tidak Aktif'),
(46, 1973, 'Aktif'),
(47, 2021, 'Tidak Aktif'),
(48, 1956, 'Aktif'),
(49, 2022, 'Tidak Aktif'),
(50, 1993, 'Aktif'),
(51, 1968, 'Tidak Aktif'),
(53, 1996, 'Aktif'),
(54, 1964, 'Aktif'),
(56, 2000, 'Tidak Aktif'),
(60, 2020, 'Tidak Aktif'),
(61, 1982, 'Tidak Aktif'),
(62, 1992, 'Aktif'),
(64, 2001, 'Tidak Aktif'),
(65, 1961, 'Tidak Aktif'),
(68, 1967, 'Tidak Aktif'),
(70, 1968, 'Tidak Aktif'),
(71, 2020, 'Tidak Aktif'),
(73, 2006, 'Aktif');

INSERT INTO `Pembalap_Pensiun` VALUES
(1, 1991, 38),
(4, 1957, 38),
(6, 1974, 34),
(9, 1990, 38),
(12, 1980, 42),
(21, 2017, 36),
(23, 1999, 30),
(24, 2010, 29),
(26, 1982, 37),
(27, 1968, 39),
(36, 1988, 31),
(42, 2019, 39),
(45, 1968, 34),
(52, 1962, 36),
(55, 1995, 33),
(57, 2023, 32),
(58, 2015, 43),
(59, 1960, 35),
(63, 1976, 42),
(66, 2016, 38),
(67, 1973, 39),
(69, 2002, 40),
(72, 1965, 31),
(74, 1959, 37),
(75, 1969, 45);

INSERT INTO `GrandPrix` VALUES
(1, 'Eritrea Grand Prix 1987', '1987-03-02', 10, 34),
(2, 'American Samoa Grand Prix 1964', '1964-02-11', 4, 7),
(3, 'Guyana Grand Prix 2019', '2019-08-16', 18, 21),
(4, 'American Samoa Grand Prix 2024', '2024-09-06', 20, 42),
(5, 'Russian Federation Grand Prix 1978', '1978-10-02', 6, 17),
(6, 'Congo Grand Prix 1956', '1956-01-25', 2, 3),
(7, 'Belize Grand Prix 2012', '2012-07-03', 17, 44),
(8, 'Russian Federation Grand Prix 1999', '1999-09-20', 13, 46),
(9, 'Hungary Grand Prix 1986', '1986-02-22', 9, 26),
(10, 'Monaco Grand Prix 2023', '2023-11-01', 19, 30),
(11, 'Congo Grand Prix 2001', '2001-07-17', 15, 36),
(12, 'Congo Grand Prix 1998', '1998-05-28', 12, 45),
(13, 'Guernsey Grand Prix 1966', '1966-12-28', 5, 37),
(14, 'Cote d''Ivoire Grand Prix 2011', '2011-06-24', 16, 11),
(15, 'Cote d''Ivoire Grand Prix 1952', '1952-01-26', 1, 33),
(16, 'Monaco Grand Prix 1991', '1991-07-03', 11, 14),
(17, 'Zimbabwe Grand Prix 2000', '2000-02-12', 14, 43),
(18, 'Syrian Arab Republic Grand Prix 1984', '1984-07-28', 8, 6),
(19, 'Turkey Grand Prix 1962', '1962-08-15', 3, 9),
(20, 'Russian Federation Grand Prix 1983', '1983-02-10', 7, 25),
(21, 'South Africa Grand Prix 1956', '1956-02-05', 2, 49),
(22, 'Zimbabwe Grand Prix 1952', '1952-02-06', 1, 13),
(23, 'Syrian Arab Republic Grand Prix 1999', '1999-04-20', 13, 39),
(24, 'Turks and Caicos Islands Grand Prix 2001', '2001-02-11', 15, 22),
(25, 'Gibraltar Grand Prix 1966', '1966-09-05', 5, 27),
(26, 'Turks and Caicos Islands Grand Prix 1983', '1983-12-30', 7, 50),
(27, 'American Samoa Grand Prix 2012', '2012-10-01', 17, 32),
(28, 'Zimbabwe Grand Prix 2011', '2011-06-01', 16, 23),
(29, 'Nepal Grand Prix 1991', '1991-07-16', 11, 15),
(30, 'Gibraltar Grand Prix 2019', '2019-09-16', 18, 12),
(31, 'Turks and Caicos Islands Grand Prix 2023', '2023-09-09', 19, 16),
(32, 'Guernsey Grand Prix 2000', '2000-02-22', 14, 2),
(33, 'Guyana Grand Prix 1964', '1964-10-02', 4, 47),
(34, 'Fiji Grand Prix 1987', '1987-08-24', 10, 19),
(35, 'Hungary Grand Prix 1978', '1978-07-09', 6, 41),
(36, 'Fiji Grand Prix 1986', '1986-03-01', 9, 35),
(37, 'Belize Grand Prix 1962', '1962-06-17', 3, 29),
(38, 'Guyana Grand Prix 1984', '1984-04-13', 8, 8),
(39, 'Belize Grand Prix 2024', '2024-07-12', 20, 1),
(40, 'Belarus Grand Prix 1998', '1998-12-02', 12, 31),
(41, 'Eritrea Grand Prix 1966', '1966-10-26', 5, 20),
(42, 'South Africa Grand Prix 2024', '2024-05-23', 20, 10),
(43, 'Turkey Grand Prix 1956', '1956-12-09', 2, 28),
(44, 'Belarus Grand Prix 1962', '1962-02-26', 3, 48),
(45, 'Belarus Grand Prix 1998', '1998-05-05', 12, 4),
(46, 'Nepal Grand Prix 1952', '1952-09-21', 1, 24),
(47, 'Hungary Grand Prix 1964', '1964-04-09', 4, 5),
(48, 'Falkland Islands (Malvinas) Grand Prix 1986', '1986-02-12', 9, 38),
(49, 'Falkland Islands (Malvinas) Grand Prix 1983', '1983-09-05', 7, 18),
(50, 'South Africa Grand Prix 1999', '1999-01-16', 13, 40),
(51, 'South Africa Grand Prix 2012', '2012-08-18', 17, 10),
(52, 'Syrian Arab Republic Grand Prix 2019', '2019-03-07', 18, 39),
(53, 'Russian Federation Grand Prix 2001', '2001-07-16', 15, 25),
(54, 'Eritrea Grand Prix 2023', '2023-02-25', 19, 20),
(55, 'Turkey Grand Prix 1984', '1984-07-21', 8, 28),
(56, 'Fiji Grand Prix 2011', '2011-08-15', 16, 19),
(57, 'South Africa Grand Prix 2000', '2000-06-20', 14, 40),
(58, 'Turks and Caicos Islands Grand Prix 1987', '1987-10-08', 10, 22),
(59, 'Guyana Grand Prix 1991', '1991-06-25', 11, 21),
(60, 'Falkland Islands (Malvinas) Grand Prix 1978', '1978-10-08', 6, 18),
(61, 'Hungary Grand Prix 1991', '1991-05-22', 11, 41),
(62, 'Guernsey Grand Prix 2019', '2019-03-19', 18, 2),
(63, 'American Samoa Grand Prix 2023', '2023-12-26', 19, 32),
(64, 'Guernsey Grand Prix 2024', '2024-11-26', 20, 37),
(65, 'American Samoa Grand Prix 2012', '2012-04-30', 17, 7),
(66, 'Guyana Grand Prix 1986', '1986-02-27', 9, 47),
(67, 'Fiji Grand Prix 1984', '1984-08-03', 8, 35),
(68, 'Belize Grand Prix 1952', '1952-12-24', 1, 29),
(69, 'Gibraltar Grand Prix 1999', '1999-01-26', 13, 12),
(70, 'Guyana Grand Prix 1966', '1966-03-14', 5, 8),
(71, 'Turks and Caicos Islands Grand Prix 2011', '2011-05-24', 16, 16),
(72, 'Belarus Grand Prix 1983', '1983-09-27', 7, 48),
(73, 'Zimbabwe Grand Prix 1987', '1987-05-04', 10, 43),
(74, 'Eritrea Grand Prix 2000', '2000-08-18', 14, 34),
(75, 'American Samoa Grand Prix 1964', '1964-09-01', 4, 42),
(76, 'Zimbabwe Grand Prix 1962', '1962-07-09', 3, 13),
(77, 'Turks and Caicos Islands Grand Prix 2001', '2001-03-19', 15, 50),
(78, 'South Africa Grand Prix 1978', '1978-08-16', 6, 49),
(79, 'Falkland Islands (Malvinas) Grand Prix 1998', '1998-06-07', 12, 38),
(80, 'Monaco Grand Prix 1956', '1956-04-18', 2, 30),
(81, 'Congo Grand Prix 2000', '2000-07-27', 14, 36),
(82, 'Russian Federation Grand Prix 2012', '2012-10-10', 17, 17),
(83, 'Belarus Grand Prix 1983', '1983-11-05', 7, 4),
(84, 'Zimbabwe Grand Prix 1987', '1987-01-18', 10, 23),
(85, 'Belize Grand Prix 1962', '1962-12-11', 3, 44),
(86, 'Belarus Grand Prix 1956', '1956-09-25', 2, 31),
(87, 'Cote d''Ivoire Grand Prix 1999', '1999-07-29', 13, 33),
(88, 'Congo Grand Prix 2011', '2011-12-06', 16, 3),
(89, 'Belize Grand Prix 1966', '1966-11-12', 5, 1),
(90, 'Hungary Grand Prix 1978', '1978-05-13', 6, 5),
(91, 'Nepal Grand Prix 2001', '2001-08-15', 15, 24),
(92, 'Hungary Grand Prix 1984', '1984-11-10', 8, 26),
(93, 'Congo Grand Prix 2023', '2023-11-08', 19, 45),
(94, 'Monaco Grand Prix 1964', '1964-06-27', 4, 14),
(95, 'Cote d''Ivoire Grand Prix 1952', '1952-02-07', 1, 11),
(96, 'Turkey Grand Prix 2024', '2024-10-16', 20, 9),
(97, 'Gibraltar Grand Prix 1998', '1998-01-05', 12, 27),
(98, 'Syrian Arab Republic Grand Prix 1986', '1986-09-18', 9, 6),
(99, 'Russian Federation Grand Prix 1991', '1991-10-31', 11, 46),
(100, 'Nepal Grand Prix 2019', '2019-07-10', 18, 15),
(101, 'Russian Federation Grand Prix 1952', '1952-04-07', 1, 25),
(102, 'Syrian Arab Republic Grand Prix 2012', '2012-10-22', 17, 6),
(103, 'Russian Federation Grand Prix 1956', '1956-01-22', 2, 17),
(104, 'Zimbabwe Grand Prix 2001', '2001-01-20', 15, 43),
(105, 'American Samoa Grand Prix 2023', '2023-10-14', 19, 42),
(106, 'Nepal Grand Prix 1978', '1978-11-21', 6, 24),
(107, 'Gibraltar Grand Prix 1999', '1999-07-09', 13, 27),
(108, 'Belize Grand Prix 2024', '2024-01-12', 20, 44),
(109, 'South Africa Grand Prix 1966', '1966-10-03', 5, 40),
(110, 'Belize Grand Prix 1962', '1962-04-29', 3, 29),
(111, 'Guyana Grand Prix 1991', '1991-09-26', 11, 47),
(112, 'Belarus Grand Prix 1987', '1987-02-06', 10, 31),
(113, 'Eritrea Grand Prix 2019', '2019-04-03', 18, 20),
(114, 'South Africa Grand Prix 1983', '1983-12-23', 7, 10),
(115, 'Falkland Islands (Malvinas) Grand Prix 1984', '1984-04-09', 8, 18),
(116, 'Russian Federation Grand Prix 2000', '2000-08-26', 14, 46),
(117, 'Gibraltar Grand Prix 1964', '1964-03-20', 4, 12),
(118, 'Guyana Grand Prix 1998', '1998-02-01', 12, 21),
(119, 'Monaco Grand Prix 2011', '2011-10-07', 16, 30),
(120, 'American Samoa Grand Prix 1986', '1986-09-22', 9, 7),
(121, 'Fiji Grand Prix 1986', '1986-07-23', 9, 35),
(122, 'Guernsey Grand Prix 1987', '1987-03-04', 10, 2),
(123, 'Eritrea Grand Prix 1966', '1966-12-02', 5, 34);

INSERT INTO `Sesi` VALUES
(1, 1, 'Latihan Bebas', '1987-02-28'),
(2, 1, 'Kualifikasi', '1987-03-01'),
(3, 1, 'Sprint', '1987-03-02'),
(4, 1, 'Balapan Utama', '1987-03-03'),
(5, 2, 'Latihan Bebas', '1964-02-09'),
(6, 2, 'Kualifikasi', '1964-02-10'),
(7, 2, 'Sprint', '1964-02-11'),
(8, 2, 'Balapan Utama', '1964-02-12'),
(9, 3, 'Latihan Bebas', '2019-08-14'),
(10, 3, 'Kualifikasi', '2019-08-15'),
(11, 3, 'Sprint', '2019-08-16'),
(12, 3, 'Balapan Utama', '2019-08-17'),
(13, 4, 'Latihan Bebas', '2024-09-04'),
(14, 4, 'Kualifikasi', '2024-09-05'),
(15, 4, 'Sprint', '2024-09-06'),
(16, 4, 'Balapan Utama', '2024-09-07'),
(17, 5, 'Latihan Bebas', '1978-09-30'),
(18, 5, 'Kualifikasi', '1978-10-01'),
(19, 5, 'Sprint', '1978-10-02'),
(20, 5, 'Balapan Utama', '1978-10-03'),
(21, 6, 'Latihan Bebas', '1956-01-23'),
(22, 6, 'Kualifikasi', '1956-01-24'),
(23, 6, 'Sprint', '1956-01-25'),
(24, 6, 'Balapan Utama', '1956-01-26'),
(25, 7, 'Latihan Bebas', '2012-07-01'),
(26, 7, 'Kualifikasi', '2012-07-02'),
(27, 7, 'Sprint', '2012-07-03'),
(28, 7, 'Balapan Utama', '2012-07-04'),
(29, 8, 'Latihan Bebas', '1999-09-18'),
(30, 8, 'Kualifikasi', '1999-09-19'),
(31, 8, 'Sprint', '1999-09-20'),
(32, 8, 'Balapan Utama', '1999-09-21'),
(33, 9, 'Latihan Bebas', '1986-02-20'),
(34, 9, 'Kualifikasi', '1986-02-21'),
(35, 9, 'Sprint', '1986-02-22'),
(36, 9, 'Balapan Utama', '1986-02-23'),
(37, 10, 'Latihan Bebas', '2023-10-30'),
(38, 10, 'Kualifikasi', '2023-10-31'),
(39, 10, 'Sprint', '2023-11-01'),
(40, 10, 'Balapan Utama', '2023-11-02'),
(41, 11, 'Latihan Bebas', '2001-07-15'),
(42, 11, 'Kualifikasi', '2001-07-16'),
(43, 11, 'Sprint', '2001-07-17'),
(44, 11, 'Balapan Utama', '2001-07-18'),
(45, 12, 'Latihan Bebas', '1998-05-26'),
(46, 12, 'Kualifikasi', '1998-05-27'),
(47, 12, 'Sprint', '1998-05-28'),
(48, 12, 'Balapan Utama', '1998-05-29'),
(49, 13, 'Latihan Bebas', '1966-12-26'),
(50, 13, 'Kualifikasi', '1966-12-27'),
(51, 13, 'Sprint', '1966-12-28'),
(52, 13, 'Balapan Utama', '1966-12-29'),
(53, 14, 'Latihan Bebas', '2011-06-22'),
(54, 14, 'Kualifikasi', '2011-06-23'),
(55, 14, 'Sprint', '2011-06-24'),
(56, 14, 'Balapan Utama', '2011-06-25'),
(57, 15, 'Latihan Bebas', '1952-01-24'),
(58, 15, 'Kualifikasi', '1952-01-25'),
(59, 15, 'Sprint', '1952-01-26'),
(60, 15, 'Balapan Utama', '1952-01-27'),
(61, 16, 'Latihan Bebas', '1991-07-01'),
(62, 16, 'Kualifikasi', '1991-07-02'),
(63, 16, 'Sprint', '1991-07-03'),
(64, 16, 'Balapan Utama', '1991-07-04'),
(65, 17, 'Latihan Bebas', '2000-02-10'),
(66, 17, 'Kualifikasi', '2000-02-11'),
(67, 17, 'Sprint', '2000-02-12'),
(68, 17, 'Balapan Utama', '2000-02-13'),
(69, 18, 'Latihan Bebas', '1984-07-26'),
(70, 18, 'Kualifikasi', '1984-07-27'),
(71, 18, 'Sprint', '1984-07-28'),
(72, 18, 'Balapan Utama', '1984-07-29'),
(73, 19, 'Latihan Bebas', '1962-08-13'),
(74, 19, 'Kualifikasi', '1962-08-14'),
(75, 19, 'Sprint', '1962-08-15'),
(76, 19, 'Balapan Utama', '1962-08-16'),
(77, 20, 'Latihan Bebas', '1983-02-08'),
(78, 20, 'Kualifikasi', '1983-02-09'),
(79, 20, 'Sprint', '1983-02-10'),
(80, 20, 'Balapan Utama', '1983-02-11'),
(81, 21, 'Latihan Bebas', '1956-02-03'),
(82, 21, 'Kualifikasi', '1956-02-04'),
(83, 21, 'Sprint', '1956-02-05'),
(84, 21, 'Balapan Utama', '1956-02-06'),
(85, 22, 'Latihan Bebas', '1952-02-04'),
(86, 22, 'Kualifikasi', '1952-02-05'),
(87, 22, 'Sprint', '1952-02-06'),
(88, 22, 'Balapan Utama', '1952-02-07'),
(89, 23, 'Latihan Bebas', '1999-04-18'),
(90, 23, 'Kualifikasi', '1999-04-19'),
(91, 23, 'Sprint', '1999-04-20'),
(92, 23, 'Balapan Utama', '1999-04-21'),
(93, 24, 'Latihan Bebas', '2001-02-09'),
(94, 24, 'Kualifikasi', '2001-02-10'),
(95, 24, 'Sprint', '2001-02-11'),
(96, 24, 'Balapan Utama', '2001-02-12'),
(97, 25, 'Latihan Bebas', '1966-09-03'),
(98, 25, 'Kualifikasi', '1966-09-04'),
(99, 25, 'Sprint', '1966-09-05'),
(100, 25, 'Balapan Utama', '1966-09-06'),
(101, 26, 'Latihan Bebas', '1983-12-28'),
(102, 26, 'Kualifikasi', '1983-12-29'),
(103, 26, 'Sprint', '1983-12-30'),
(104, 26, 'Balapan Utama', '1983-12-31'),
(105, 27, 'Latihan Bebas', '2012-09-29'),
(106, 27, 'Kualifikasi', '2012-09-30'),
(107, 27, 'Sprint', '2012-10-01'),
(108, 27, 'Balapan Utama', '2012-10-02'),
(109, 28, 'Latihan Bebas', '2011-05-30'),
(110, 28, 'Kualifikasi', '2011-05-31'),
(111, 28, 'Sprint', '2011-06-01'),
(112, 28, 'Balapan Utama', '2011-06-02'),
(113, 29, 'Latihan Bebas', '1991-07-14'),
(114, 29, 'Kualifikasi', '1991-07-15'),
(115, 29, 'Sprint', '1991-07-16'),
(116, 29, 'Balapan Utama', '1991-07-17'),
(117, 30, 'Latihan Bebas', '2019-09-14'),
(118, 30, 'Kualifikasi', '2019-09-15'),
(119, 30, 'Sprint', '2019-09-16'),
(120, 30, 'Balapan Utama', '2019-09-17'),
(121, 31, 'Latihan Bebas', '2023-09-07'),
(122, 31, 'Kualifikasi', '2023-09-08'),
(123, 31, 'Sprint', '2023-09-09'),
(124, 31, 'Balapan Utama', '2023-09-10'),
(125, 32, 'Latihan Bebas', '2000-02-20'),
(126, 32, 'Kualifikasi', '2000-02-21'),
(127, 32, 'Sprint', '2000-02-22'),
(128, 32, 'Balapan Utama', '2000-02-23'),
(129, 33, 'Latihan Bebas', '1964-09-30'),
(130, 33, 'Kualifikasi', '1964-10-01'),
(131, 33, 'Sprint', '1964-10-02'),
(132, 33, 'Balapan Utama', '1964-10-03'),
(133, 34, 'Latihan Bebas', '1987-08-22'),
(134, 34, 'Kualifikasi', '1987-08-23'),
(135, 34, 'Sprint', '1987-08-24'),
(136, 34, 'Balapan Utama', '1987-08-25'),
(137, 35, 'Latihan Bebas', '1978-07-07'),
(138, 35, 'Kualifikasi', '1978-07-08'),
(139, 35, 'Sprint', '1978-07-09'),
(140, 35, 'Balapan Utama', '1978-07-10'),
(141, 36, 'Latihan Bebas', '1986-02-27'),
(142, 36, 'Kualifikasi', '1986-02-28'),
(143, 36, 'Sprint', '1986-03-01'),
(144, 36, 'Balapan Utama', '1986-03-02'),
(145, 37, 'Latihan Bebas', '1962-06-15'),
(146, 37, 'Kualifikasi', '1962-06-16'),
(147, 37, 'Sprint', '1962-06-17'),
(148, 37, 'Balapan Utama', '1962-06-18'),
(149, 38, 'Latihan Bebas', '1984-04-11'),
(150, 38, 'Kualifikasi', '1984-04-12'),
(151, 38, 'Sprint', '1984-04-13'),
(152, 38, 'Balapan Utama', '1984-04-14'),
(153, 39, 'Latihan Bebas', '2024-07-10'),
(154, 39, 'Kualifikasi', '2024-07-11'),
(155, 39, 'Sprint', '2024-07-12'),
(156, 39, 'Balapan Utama', '2024-07-13'),
(157, 40, 'Latihan Bebas', '1998-11-30'),
(158, 40, 'Kualifikasi', '1998-12-01'),
(159, 40, 'Sprint', '1998-12-02'),
(160, 40, 'Balapan Utama', '1998-12-03'),
(161, 41, 'Latihan Bebas', '1966-10-24'),
(162, 41, 'Kualifikasi', '1966-10-25'),
(163, 41, 'Sprint', '1966-10-26'),
(164, 41, 'Balapan Utama', '1966-10-27'),
(165, 42, 'Latihan Bebas', '2024-05-21'),
(166, 42, 'Kualifikasi', '2024-05-22'),
(167, 42, 'Sprint', '2024-05-23'),
(168, 42, 'Balapan Utama', '2024-05-24'),
(169, 43, 'Latihan Bebas', '1956-12-07'),
(170, 43, 'Kualifikasi', '1956-12-08'),
(171, 43, 'Sprint', '1956-12-09'),
(172, 43, 'Balapan Utama', '1956-12-10'),
(173, 44, 'Latihan Bebas', '1962-02-24'),
(174, 44, 'Kualifikasi', '1962-02-25'),
(175, 44, 'Sprint', '1962-02-26'),
(176, 44, 'Balapan Utama', '1962-02-27'),
(177, 45, 'Latihan Bebas', '1998-05-03'),
(178, 45, 'Kualifikasi', '1998-05-04'),
(179, 45, 'Sprint', '1998-05-05'),
(180, 45, 'Balapan Utama', '1998-05-06'),
(181, 46, 'Latihan Bebas', '1952-09-19'),
(182, 46, 'Kualifikasi', '1952-09-20'),
(183, 46, 'Sprint', '1952-09-21'),
(184, 46, 'Balapan Utama', '1952-09-22'),
(185, 47, 'Latihan Bebas', '1964-04-07'),
(186, 47, 'Kualifikasi', '1964-04-08'),
(187, 47, 'Sprint', '1964-04-09'),
(188, 47, 'Balapan Utama', '1964-04-10'),
(189, 48, 'Latihan Bebas', '1986-02-10'),
(190, 48, 'Kualifikasi', '1986-02-11'),
(191, 48, 'Sprint', '1986-02-12'),
(192, 48, 'Balapan Utama', '1986-02-13'),
(193, 49, 'Latihan Bebas', '1983-09-03'),
(194, 49, 'Kualifikasi', '1983-09-04'),
(195, 49, 'Sprint', '1983-09-05'),
(196, 49, 'Balapan Utama', '1983-09-06'),
(197, 50, 'Latihan Bebas', '1999-01-14'),
(198, 50, 'Kualifikasi', '1999-01-15'),
(199, 50, 'Sprint', '1999-01-16'),
(200, 50, 'Balapan Utama', '1999-01-17'),
(201, 51, 'Latihan Bebas', '2012-08-16'),
(202, 51, 'Kualifikasi', '2012-08-17'),
(203, 51, 'Sprint', '2012-08-18'),
(204, 51, 'Balapan Utama', '2012-08-19'),
(205, 52, 'Latihan Bebas', '2019-03-05'),
(206, 52, 'Kualifikasi', '2019-03-06'),
(207, 52, 'Sprint', '2019-03-07'),
(208, 52, 'Balapan Utama', '2019-03-08'),
(209, 53, 'Latihan Bebas', '2001-07-14'),
(210, 53, 'Kualifikasi', '2001-07-15'),
(211, 53, 'Sprint', '2001-07-16'),
(212, 53, 'Balapan Utama', '2001-07-17'),
(213, 54, 'Latihan Bebas', '2023-02-23'),
(214, 54, 'Kualifikasi', '2023-02-24'),
(215, 54, 'Sprint', '2023-02-25'),
(216, 54, 'Balapan Utama', '2023-02-26'),
(217, 55, 'Latihan Bebas', '1984-07-19'),
(218, 55, 'Kualifikasi', '1984-07-20'),
(219, 55, 'Sprint', '1984-07-21'),
(220, 55, 'Balapan Utama', '1984-07-22'),
(221, 56, 'Latihan Bebas', '2011-08-13'),
(222, 56, 'Kualifikasi', '2011-08-14'),
(223, 56, 'Sprint', '2011-08-15'),
(224, 56, 'Balapan Utama', '2011-08-16'),
(225, 57, 'Latihan Bebas', '2000-06-18'),
(226, 57, 'Kualifikasi', '2000-06-19'),
(227, 57, 'Sprint', '2000-06-20'),
(228, 57, 'Balapan Utama', '2000-06-21'),
(229, 58, 'Latihan Bebas', '1987-10-06'),
(230, 58, 'Kualifikasi', '1987-10-07'),
(231, 58, 'Sprint', '1987-10-08'),
(232, 58, 'Balapan Utama', '1987-10-09'),
(233, 59, 'Latihan Bebas', '1991-06-23'),
(234, 59, 'Kualifikasi', '1991-06-24'),
(235, 59, 'Sprint', '1991-06-25'),
(236, 59, 'Balapan Utama', '1991-06-26'),
(237, 60, 'Latihan Bebas', '1978-10-06'),
(238, 60, 'Kualifikasi', '1978-10-07'),
(239, 60, 'Sprint', '1978-10-08'),
(240, 60, 'Balapan Utama', '1978-10-09'),
(241, 61, 'Latihan Bebas', '1991-05-20'),
(242, 61, 'Kualifikasi', '1991-05-21'),
(243, 61, 'Sprint', '1991-05-22'),
(244, 61, 'Balapan Utama', '1991-05-23'),
(245, 62, 'Latihan Bebas', '2019-03-17'),
(246, 62, 'Kualifikasi', '2019-03-18'),
(247, 62, 'Sprint', '2019-03-19'),
(248, 62, 'Balapan Utama', '2019-03-20'),
(249, 63, 'Latihan Bebas', '2023-12-24'),
(250, 63, 'Kualifikasi', '2023-12-25'),
(251, 63, 'Sprint', '2023-12-26'),
(252, 63, 'Balapan Utama', '2023-12-27'),
(253, 64, 'Latihan Bebas', '2024-11-24'),
(254, 64, 'Kualifikasi', '2024-11-25'),
(255, 64, 'Sprint', '2024-11-26'),
(256, 64, 'Balapan Utama', '2024-11-27'),
(257, 65, 'Latihan Bebas', '2012-04-28'),
(258, 65, 'Kualifikasi', '2012-04-29'),
(259, 65, 'Sprint', '2012-04-30'),
(260, 65, 'Balapan Utama', '2012-05-01'),
(261, 66, 'Latihan Bebas', '1986-02-25'),
(262, 66, 'Kualifikasi', '1986-02-26'),
(263, 66, 'Sprint', '1986-02-27'),
(264, 66, 'Balapan Utama', '1986-02-28'),
(265, 67, 'Latihan Bebas', '1984-08-01'),
(266, 67, 'Kualifikasi', '1984-08-02'),
(267, 67, 'Sprint', '1984-08-03'),
(268, 67, 'Balapan Utama', '1984-08-04'),
(269, 68, 'Latihan Bebas', '1952-12-22'),
(270, 68, 'Kualifikasi', '1952-12-23'),
(271, 68, 'Sprint', '1952-12-24'),
(272, 68, 'Balapan Utama', '1952-12-25'),
(273, 69, 'Latihan Bebas', '1999-01-24'),
(274, 69, 'Kualifikasi', '1999-01-25'),
(275, 69, 'Sprint', '1999-01-26'),
(276, 69, 'Balapan Utama', '1999-01-27'),
(277, 70, 'Latihan Bebas', '1966-03-12'),
(278, 70, 'Kualifikasi', '1966-03-13'),
(279, 70, 'Sprint', '1966-03-14'),
(280, 70, 'Balapan Utama', '1966-03-15'),
(281, 71, 'Latihan Bebas', '2011-05-22'),
(282, 71, 'Kualifikasi', '2011-05-23'),
(283, 71, 'Sprint', '2011-05-24'),
(284, 71, 'Balapan Utama', '2011-05-25'),
(285, 72, 'Latihan Bebas', '1983-09-25'),
(286, 72, 'Kualifikasi', '1983-09-26'),
(287, 72, 'Sprint', '1983-09-27'),
(288, 72, 'Balapan Utama', '1983-09-28'),
(289, 73, 'Latihan Bebas', '1987-05-02'),
(290, 73, 'Kualifikasi', '1987-05-03'),
(291, 73, 'Sprint', '1987-05-04'),
(292, 73, 'Balapan Utama', '1987-05-05'),
(293, 74, 'Latihan Bebas', '2000-08-16'),
(294, 74, 'Kualifikasi', '2000-08-17'),
(295, 74, 'Sprint', '2000-08-18'),
(296, 74, 'Balapan Utama', '2000-08-19'),
(297, 75, 'Latihan Bebas', '1964-08-30'),
(298, 75, 'Kualifikasi', '1964-08-31'),
(299, 75, 'Sprint', '1964-09-01'),
(300, 75, 'Balapan Utama', '1964-09-02'),
(301, 76, 'Latihan Bebas', '1962-07-07'),
(302, 76, 'Kualifikasi', '1962-07-08'),
(303, 76, 'Sprint', '1962-07-09'),
(304, 76, 'Balapan Utama', '1962-07-10'),
(305, 77, 'Latihan Bebas', '2001-03-17'),
(306, 77, 'Kualifikasi', '2001-03-18'),
(307, 77, 'Sprint', '2001-03-19'),
(308, 77, 'Balapan Utama', '2001-03-20'),
(309, 78, 'Latihan Bebas', '1978-08-14'),
(310, 78, 'Kualifikasi', '1978-08-15'),
(311, 78, 'Sprint', '1978-08-16'),
(312, 78, 'Balapan Utama', '1978-08-17'),
(313, 79, 'Latihan Bebas', '1998-06-05'),
(314, 79, 'Kualifikasi', '1998-06-06'),
(315, 79, 'Sprint', '1998-06-07'),
(316, 79, 'Balapan Utama', '1998-06-08'),
(317, 80, 'Latihan Bebas', '1956-04-16'),
(318, 80, 'Kualifikasi', '1956-04-17'),
(319, 80, 'Sprint', '1956-04-18'),
(320, 80, 'Balapan Utama', '1956-04-19'),
(321, 81, 'Latihan Bebas', '2000-07-25'),
(322, 81, 'Kualifikasi', '2000-07-26'),
(323, 81, 'Sprint', '2000-07-27'),
(324, 81, 'Balapan Utama', '2000-07-28'),
(325, 82, 'Latihan Bebas', '2012-10-08'),
(326, 82, 'Kualifikasi', '2012-10-09'),
(327, 82, 'Sprint', '2012-10-10'),
(328, 82, 'Balapan Utama', '2012-10-11'),
(329, 83, 'Latihan Bebas', '1983-11-03'),
(330, 83, 'Kualifikasi', '1983-11-04'),
(331, 83, 'Sprint', '1983-11-05'),
(332, 83, 'Balapan Utama', '1983-11-06'),
(333, 84, 'Latihan Bebas', '1987-01-16'),
(334, 84, 'Kualifikasi', '1987-01-17'),
(335, 84, 'Sprint', '1987-01-18'),
(336, 84, 'Balapan Utama', '1987-01-19'),
(337, 85, 'Latihan Bebas', '1962-12-09'),
(338, 85, 'Kualifikasi', '1962-12-10'),
(339, 85, 'Sprint', '1962-12-11'),
(340, 85, 'Balapan Utama', '1962-12-12'),
(341, 86, 'Latihan Bebas', '1956-09-23'),
(342, 86, 'Kualifikasi', '1956-09-24'),
(343, 86, 'Sprint', '1956-09-25'),
(344, 86, 'Balapan Utama', '1956-09-26'),
(345, 87, 'Latihan Bebas', '1999-07-27'),
(346, 87, 'Kualifikasi', '1999-07-28'),
(347, 87, 'Sprint', '1999-07-29'),
(348, 87, 'Balapan Utama', '1999-07-30'),
(349, 88, 'Latihan Bebas', '2011-12-04'),
(350, 88, 'Kualifikasi', '2011-12-05'),
(351, 88, 'Sprint', '2011-12-06'),
(352, 88, 'Balapan Utama', '2011-12-07'),
(353, 89, 'Latihan Bebas', '1966-11-10'),
(354, 89, 'Kualifikasi', '1966-11-11'),
(355, 89, 'Sprint', '1966-11-12'),
(356, 89, 'Balapan Utama', '1966-11-13'),
(357, 90, 'Latihan Bebas', '1978-05-11'),
(358, 90, 'Kualifikasi', '1978-05-12'),
(359, 90, 'Sprint', '1978-05-13'),
(360, 90, 'Balapan Utama', '1978-05-14'),
(361, 91, 'Latihan Bebas', '2001-08-13'),
(362, 91, 'Kualifikasi', '2001-08-14'),
(363, 91, 'Sprint', '2001-08-15'),
(364, 91, 'Balapan Utama', '2001-08-16'),
(365, 92, 'Latihan Bebas', '1984-11-08'),
(366, 92, 'Kualifikasi', '1984-11-09'),
(367, 92, 'Sprint', '1984-11-10'),
(368, 92, 'Balapan Utama', '1984-11-11'),
(369, 93, 'Latihan Bebas', '2023-11-06'),
(370, 93, 'Kualifikasi', '2023-11-07'),
(371, 93, 'Sprint', '2023-11-08'),
(372, 93, 'Balapan Utama', '2023-11-09'),
(373, 94, 'Latihan Bebas', '1964-06-25'),
(374, 94, 'Kualifikasi', '1964-06-26'),
(375, 94, 'Sprint', '1964-06-27'),
(376, 94, 'Balapan Utama', '1964-06-28'),
(377, 95, 'Latihan Bebas', '1952-02-05'),
(378, 95, 'Kualifikasi', '1952-02-06'),
(379, 95, 'Sprint', '1952-02-07'),
(380, 95, 'Balapan Utama', '1952-02-08'),
(381, 96, 'Latihan Bebas', '2024-10-14'),
(382, 96, 'Kualifikasi', '2024-10-15'),
(383, 96, 'Sprint', '2024-10-16'),
(384, 96, 'Balapan Utama', '2024-10-17'),
(385, 97, 'Latihan Bebas', '1998-01-03'),
(386, 97, 'Kualifikasi', '1998-01-04'),
(387, 97, 'Sprint', '1998-01-05'),
(388, 97, 'Balapan Utama', '1998-01-06'),
(389, 98, 'Latihan Bebas', '1986-09-16'),
(390, 98, 'Kualifikasi', '1986-09-17'),
(391, 98, 'Sprint', '1986-09-18'),
(392, 98, 'Balapan Utama', '1986-09-19'),
(393, 99, 'Latihan Bebas', '1991-10-29'),
(394, 99, 'Kualifikasi', '1991-10-30'),
(395, 99, 'Sprint', '1991-10-31'),
(396, 99, 'Balapan Utama', '1991-11-01'),
(397, 100, 'Latihan Bebas', '2019-07-08'),
(398, 100, 'Kualifikasi', '2019-07-09'),
(399, 100, 'Sprint', '2019-07-10'),
(400, 100, 'Balapan Utama', '2019-07-11'),
(401, 101, 'Latihan Bebas', '1952-04-05'),
(402, 101, 'Kualifikasi', '1952-04-06'),
(403, 101, 'Sprint', '1952-04-07'),
(404, 101, 'Balapan Utama', '1952-04-08'),
(405, 102, 'Latihan Bebas', '2012-10-20'),
(406, 102, 'Kualifikasi', '2012-10-21'),
(407, 102, 'Sprint', '2012-10-22'),
(408, 102, 'Balapan Utama', '2012-10-23'),
(409, 103, 'Latihan Bebas', '1956-01-20'),
(410, 103, 'Kualifikasi', '1956-01-21'),
(411, 103, 'Sprint', '1956-01-22'),
(412, 103, 'Balapan Utama', '1956-01-23'),
(413, 104, 'Latihan Bebas', '2001-01-18'),
(414, 104, 'Kualifikasi', '2001-01-19'),
(415, 104, 'Sprint', '2001-01-20'),
(416, 104, 'Balapan Utama', '2001-01-21'),
(417, 105, 'Latihan Bebas', '2023-10-12'),
(418, 105, 'Kualifikasi', '2023-10-13'),
(419, 105, 'Sprint', '2023-10-14'),
(420, 105, 'Balapan Utama', '2023-10-15'),
(421, 106, 'Latihan Bebas', '1978-11-19'),
(422, 106, 'Kualifikasi', '1978-11-20'),
(423, 106, 'Sprint', '1978-11-21'),
(424, 106, 'Balapan Utama', '1978-11-22'),
(425, 107, 'Latihan Bebas', '1999-07-07'),
(426, 107, 'Kualifikasi', '1999-07-08'),
(427, 107, 'Sprint', '1999-07-09'),
(428, 107, 'Balapan Utama', '1999-07-10'),
(429, 108, 'Latihan Bebas', '2024-01-10'),
(430, 108, 'Kualifikasi', '2024-01-11'),
(431, 108, 'Sprint', '2024-01-12'),
(432, 108, 'Balapan Utama', '2024-01-13'),
(433, 109, 'Latihan Bebas', '1966-10-01'),
(434, 109, 'Kualifikasi', '1966-10-02'),
(435, 109, 'Sprint', '1966-10-03'),
(436, 109, 'Balapan Utama', '1966-10-04'),
(437, 110, 'Latihan Bebas', '1962-04-27'),
(438, 110, 'Kualifikasi', '1962-04-28'),
(439, 110, 'Sprint', '1962-04-29'),
(440, 110, 'Balapan Utama', '1962-04-30'),
(441, 111, 'Latihan Bebas', '1991-09-24'),
(442, 111, 'Kualifikasi', '1991-09-25'),
(443, 111, 'Sprint', '1991-09-26'),
(444, 111, 'Balapan Utama', '1991-09-27'),
(445, 112, 'Latihan Bebas', '1987-02-04'),
(446, 112, 'Kualifikasi', '1987-02-05'),
(447, 112, 'Sprint', '1987-02-06'),
(448, 112, 'Balapan Utama', '1987-02-07'),
(449, 113, 'Latihan Bebas', '2019-04-01'),
(450, 113, 'Kualifikasi', '2019-04-02'),
(451, 113, 'Sprint', '2019-04-03'),
(452, 113, 'Balapan Utama', '2019-04-04'),
(453, 114, 'Latihan Bebas', '1983-12-21'),
(454, 114, 'Kualifikasi', '1983-12-22'),
(455, 114, 'Sprint', '1983-12-23'),
(456, 114, 'Balapan Utama', '1983-12-24'),
(457, 115, 'Latihan Bebas', '1984-04-07'),
(458, 115, 'Kualifikasi', '1984-04-08'),
(459, 115, 'Sprint', '1984-04-09'),
(460, 115, 'Balapan Utama', '1984-04-10'),
(461, 116, 'Latihan Bebas', '2000-08-24'),
(462, 116, 'Kualifikasi', '2000-08-25'),
(463, 116, 'Sprint', '2000-08-26'),
(464, 116, 'Balapan Utama', '2000-08-27'),
(465, 117, 'Latihan Bebas', '1964-03-18'),
(466, 117, 'Kualifikasi', '1964-03-19'),
(467, 117, 'Sprint', '1964-03-20'),
(468, 117, 'Balapan Utama', '1964-03-21'),
(469, 118, 'Latihan Bebas', '1998-01-30'),
(470, 118, 'Kualifikasi', '1998-01-31'),
(471, 118, 'Sprint', '1998-02-01'),
(472, 118, 'Balapan Utama', '1998-02-02'),
(473, 119, 'Latihan Bebas', '2011-10-05'),
(474, 119, 'Kualifikasi', '2011-10-06'),
(475, 119, 'Sprint', '2011-10-07'),
(476, 119, 'Balapan Utama', '2011-10-08'),
(477, 120, 'Latihan Bebas', '1986-09-20'),
(478, 120, 'Kualifikasi', '1986-09-21'),
(479, 120, 'Sprint', '1986-09-22'),
(480, 120, 'Balapan Utama', '1986-09-23'),
(481, 121, 'Latihan Bebas', '1986-07-21'),
(482, 121, 'Kualifikasi', '1986-07-22'),
(483, 121, 'Sprint', '1986-07-23'),
(484, 121, 'Balapan Utama', '1986-07-24'),
(485, 122, 'Latihan Bebas', '1987-03-02'),
(486, 122, 'Kualifikasi', '1987-03-03'),
(487, 122, 'Sprint', '1987-03-04'),
(488, 122, 'Balapan Utama', '1987-03-05'),
(489, 123, 'Latihan Bebas', '1966-11-30'),
(490, 123, 'Kualifikasi', '1966-12-01'),
(491, 123, 'Sprint', '1966-12-02'),
(492, 123, 'Balapan Utama', '1966-12-03');

INSERT INTO `Kontrak` VALUES
(45, 22, 1, 1952),
(63, 30, 1, 1952),
(72, 3, 1, 1952),
(24, 44, 1, 1952),
(41, 29, 1, 1952),
(51, 24, 1, 1952),
(10, 38, 1, 1952),
(17, 40, 1, 1952),
(19, 11, 1, 1952),
(74, 2, 1, 1952),
(60, 18, 1, 1952),
(44, 27, 1, 1952),
(6, 15, 1, 1952),
(27, 45, 1, 1952),
(46, 47, 1, 1952),
(34, 8, 1, 1952),
(63, 5, 1, 1952),
(39, 42, 1, 1952),
(29, 4, 1, 1952),
(37, 31, 1, 1952),
(20, 46, 1, 1952),
(11, 7, 1, 1952),
(24, 43, 2, 1956),
(57, 20, 2, 1956),
(6, 10, 2, 1956),
(1, 49, 2, 1956),
(42, 14, 2, 1956),
(67, 35, 2, 1956),
(64, 48, 2, 1956),
(9, 41, 2, 1956),
(26, 13, 2, 1956),
(68, 21, 2, 1956),
(23, 17, 2, 1956),
(54, 32, 2, 1956),
(15, 39, 2, 1956),
(8, 16, 2, 1956),
(21, 19, 2, 1956),
(1, 23, 2, 1956),
(50, 34, 2, 1956),
(25, 26, 2, 1956),
(41, 9, 2, 1956),
(11, 36, 2, 1956),
(28, 1, 2, 1956),
(67, 25, 2, 1956),
(6, 12, 3, 1962),
(36, 33, 3, 1962),
(27, 6, 3, 1962),
(65, 50, 3, 1962),
(57, 28, 3, 1962),
(46, 37, 3, 1962),
(42, 14, 3, 1962),
(11, 36, 3, 1962),
(31, 27, 3, 1962),
(16, 16, 3, 1962),
(2, 8, 3, 1962),
(70, 7, 3, 1962),
(75, 1, 3, 1962),
(1, 32, 3, 1962),
(71, 31, 3, 1962),
(36, 49, 3, 1962),
(8, 6, 3, 1962),
(55, 3, 3, 1962),
(17, 22, 3, 1962),
(68, 18, 3, 1962),
(22, 29, 3, 1962),
(39, 38, 3, 1962),
(24, 30, 4, 1964),
(42, 26, 4, 1964),
(45, 41, 4, 1964),
(58, 40, 4, 1964),
(36, 23, 4, 1964),
(17, 42, 4, 1964),
(70, 19, 4, 1964),
(15, 15, 4, 1964),
(7, 46, 4, 1964),
(52, 13, 4, 1964),
(67, 5, 4, 1964),
(33, 33, 4, 1964),
(59, 24, 4, 1964),
(18, 39, 4, 1964),
(61, 34, 4, 1964),
(51, 11, 4, 1964),
(32, 12, 4, 1964),
(48, 50, 4, 1964),
(25, 17, 4, 1964),
(9, 43, 4, 1964),
(27, 25, 4, 1964),
(36, 47, 4, 1964),
(27, 48, 5, 1966),
(9, 4, 5, 1966),
(45, 35, 5, 1966),
(6, 20, 5, 1966),
(66, 2, 5, 1966),
(64, 44, 5, 1966),
(18, 37, 5, 1966),
(13, 21, 5, 1966),
(73, 45, 5, 1966),
(21, 9, 5, 1966),
(63, 10, 5, 1966),
(48, 28, 5, 1966),
(71, 3, 5, 1966),
(16, 43, 5, 1966),
(56, 19, 5, 1966),
(59, 23, 5, 1966),
(74, 47, 5, 1966),
(72, 18, 5, 1966),
(29, 34, 5, 1966),
(50, 46, 5, 1966),
(6, 29, 5, 1966),
(15, 28, 5, 1966),
(21, 45, 6, 1978),
(70, 44, 6, 1978),
(55, 20, 6, 1978),
(58, 8, 6, 1978),
(11, 32, 6, 1978),
(40, 41, 6, 1978),
(12, 25, 6, 1978),
(62, 14, 6, 1978),
(33, 1, 6, 1978),
(42, 7, 6, 1978),
(54, 37, 6, 1978),
(36, 49, 6, 1978),
(59, 9, 6, 1978),
(17, 12, 6, 1978),
(37, 22, 6, 1978),
(47, 36, 6, 1978),
(57, 30, 6, 1978),
(5, 27, 6, 1978),
(35, 4, 6, 1978),
(23, 10, 6, 1978),
(4, 26, 6, 1978),
(24, 39, 6, 1978),
(25, 35, 7, 1983),
(17, 48, 7, 1983),
(22, 13, 7, 1983),
(55, 21, 7, 1983),
(61, 50, 7, 1983),
(46, 16, 7, 1983),
(9, 33, 7, 1983),
(65, 6, 7, 1983),
(1, 17, 7, 1983),
(14, 5, 7, 1983),
(46, 24, 7, 1983),
(24, 15, 7, 1983),
(67, 2, 7, 1983),
(8, 40, 7, 1983),
(75, 38, 7, 1983),
(72, 11, 7, 1983),
(37, 42, 7, 1983),
(14, 31, 7, 1983),
(1, 43, 7, 1983),
(22, 14, 7, 1983),
(33, 40, 7, 1983),
(42, 5, 7, 1983),
(58, 36, 8, 1984),
(25, 45, 8, 1984),
(61, 4, 8, 1984),
(23, 29, 8, 1984),
(11, 46, 8, 1984),
(15, 22, 8, 1984),
(14, 33, 8, 1984),
(7, 39, 8, 1984),
(36, 38, 8, 1984),
(55, 13, 8, 1984),
(10, 31, 8, 1984),
(20, 2, 8, 1984),
(46, 30, 8, 1984),
(61, 23, 8, 1984),
(35, 11, 8, 1984),
(71, 15, 8, 1984),
(48, 44, 8, 1984),
(24, 42, 8, 1984),
(37, 17, 8, 1984),
(32, 3, 8, 1984),
(72, 41, 8, 1984),
(69, 20, 8, 1984),
(57, 27, 9, 1986),
(9, 32, 9, 1986),
(24, 12, 9, 1986),
(54, 6, 9, 1986),
(46, 35, 9, 1986),
(1, 1, 9, 1986),
(16, 49, 9, 1986),
(11, 37, 9, 1986),
(70, 18, 9, 1986),
(30, 8, 9, 1986),
(22, 26, 9, 1986),
(4, 7, 9, 1986),
(74, 25, 9, 1986),
(72, 21, 9, 1986),
(17, 19, 9, 1986),
(1, 28, 9, 1986),
(41, 24, 9, 1986),
(59, 9, 9, 1986),
(47, 34, 9, 1986),
(42, 50, 9, 1986),
(61, 10, 9, 1986),
(50, 16, 9, 1986),
(48, 48, 10, 1987),
(69, 47, 10, 1987),
(61, 16, 10, 1987),
(21, 18, 10, 1987),
(23, 33, 10, 1987),
(24, 28, 10, 1987),
(37, 30, 10, 1987),
(51, 1, 10, 1987),
(70, 48, 10, 1987),
(36, 44, 10, 1987),
(16, 41, 10, 1987),
(57, 46, 10, 1987),
(59, 26, 10, 1987),
(38, 8, 10, 1987),
(41, 15, 10, 1987),
(37, 2, 10, 1987),
(1, 24, 10, 1987),
(46, 25, 10, 1987),
(17, 49, 10, 1987),
(45, 50, 10, 1987),
(36, 32, 10, 1987),
(75, 5, 10, 1987),
(57, 22, 11, 1991),
(17, 43, 11, 1991),
(24, 31, 11, 1991),
(51, 14, 11, 1991),
(68, 9, 11, 1991),
(42, 23, 11, 1991),
(10, 4, 11, 1991),
(23, 7, 11, 1991),
(16, 13, 11, 1991),
(1, 47, 11, 1991),
(30, 40, 11, 1991),
(14, 36, 11, 1991),
(43, 12, 11, 1991),
(70, 6, 11, 1991),
(20, 3, 11, 1991),
(51, 37, 11, 1991),
(56, 29, 11, 1991),
(46, 11, 11, 1991),
(11, 45, 11, 1991),
(54, 38, 11, 1991),
(68, 21, 11, 1991),
(13, 17, 11, 1991),
(22, 34, 12, 1998),
(53, 20, 12, 1998),
(69, 19, 12, 1998),
(14, 27, 12, 1998),
(10, 39, 12, 1998),
(65, 42, 12, 1998),
(25, 10, 12, 1998),
(42, 35, 12, 1998),
(37, 43, 12, 1998),
(11, 45, 12, 1998),
(21, 2, 12, 1998),
(48, 38, 12, 1998),
(40, 19, 12, 1998),
(30, 1, 12, 1998),
(46, 44, 12, 1998),
(16, 20, 12, 1998),
(17, 4, 12, 1998),
(24, 11, 12, 1998),
(51, 37, 12, 1998),
(26, 39, 12, 1998),
(58, 3, 12, 1998),
(8, 17, 12, 1998),
(17, 30, 13, 1999),
(48, 27, 13, 1999),
(21, 22, 13, 1999),
(66, 34, 13, 1999),
(11, 42, 13, 1999),
(22, 9, 13, 1999),
(42, 46, 13, 1999),
(44, 40, 13, 1999),
(16, 21, 13, 1999),
(33, 48, 13, 1999),
(25, 16, 13, 1999),
(30, 50, 13, 1999),
(68, 15, 13, 1999),
(57, 6, 13, 1999),
(70, 23, 13, 1999),
(50, 31, 13, 1999),
(54, 8, 13, 1999),
(69, 12, 13, 1999),
(33, 29, 13, 1999),
(1, 35, 13, 1999),
(59, 28, 13, 1999),
(7, 7, 13, 1999),
(54, 10, 14, 2000),
(35, 33, 14, 2000),
(38, 5, 14, 2000),
(62, 32, 14, 2000),
(25, 47, 14, 2000),
(11, 25, 14, 2000),
(21, 24, 14, 2000),
(57, 14, 14, 2000),
(51, 49, 14, 2000),
(70, 18, 14, 2000),
(16, 26, 14, 2000),
(40, 41, 14, 2000),
(48, 36, 14, 2000),
(50, 13, 14, 2000),
(58, 38, 14, 2000),
(34, 36, 14, 2000),
(69, 18, 14, 2000),
(15, 29, 14, 2000),
(29, 7, 14, 2000),
(3, 11, 14, 2000),
(9, 15, 14, 2000),
(4, 8, 14, 2000),
(25, 35, 15, 2001),
(34, 22, 15, 2001),
(37, 31, 15, 2001),
(15, 42, 15, 2001),
(53, 49, 15, 2001),
(51, 26, 15, 2001),
(68, 28, 15, 2001),
(42, 21, 15, 2001),
(21, 40, 15, 2001),
(61, 14, 15, 2001),
(7, 32, 15, 2001),
(40, 1, 15, 2001),
(29, 2, 15, 2001),
(46, 33, 15, 2001),
(69, 24, 15, 2001),
(31, 3, 15, 2001),
(38, 27, 15, 2001),
(48, 43, 15, 2001),
(54, 25, 15, 2001),
(35, 39, 15, 2001),
(7, 50, 15, 2001),
(30, 17, 15, 2001),
(70, 46, 16, 2011),
(48, 9, 16, 2011),
(15, 13, 16, 2011),
(53, 41, 16, 2011),
(39, 37, 16, 2011),
(40, 48, 16, 2011),
(50, 20, 16, 2011),
(51, 19, 16, 2011),
(11, 44, 16, 2011),
(66, 4, 16, 2011),
(17, 47, 16, 2011),
(41, 12, 16, 2011),
(54, 30, 16, 2011),
(8, 10, 16, 2011),
(21, 6, 16, 2011),
(65, 23, 16, 2011),
(68, 34, 16, 2011),
(14, 45, 16, 2011),
(34, 5, 16, 2011),
(35, 16, 16, 2011),
(7, 46, 16, 2011),
(25, 47, 16, 2011),
(38, 27, 17, 2012),
(11, 48, 17, 2012),
(44, 26, 17, 2012),
(42, 16, 17, 2012),
(54, 4, 17, 2012),
(16, 14, 17, 2012),
(66, 38, 17, 2012),
(51, 33, 17, 2012),
(3, 21, 17, 2012),
(33, 17, 17, 2012),
(37, 20, 17, 2012),
(41, 41, 17, 2012),
(18, 37, 17, 2012),
(56, 10, 17, 2012),
(10, 25, 17, 2012),
(70, 45, 17, 2012),
(40, 11, 17, 2012),
(73, 19, 17, 2012),
(25, 43, 17, 2012),
(39, 28, 17, 2012),
(68, 50, 17, 2012),
(7, 29, 17, 2012),
(19, 44, 18, 2019),
(51, 3, 18, 2019),
(17, 23, 18, 2019),
(8, 30, 18, 2019),
(61, 18, 18, 2019),
(64, 32, 18, 2019),
(50, 7, 18, 2019),
(7, 6, 18, 2019),
(44, 5, 18, 2019),
(65, 1, 18, 2019),
(53, 24, 18, 2019),
(42, 2, 18, 2019),
(33, 9, 18, 2019),
(28, 12, 18, 2019),
(39, 35, 18, 2019),
(3, 34, 18, 2019),
(68, 8, 18, 2019),
(48, 13, 18, 2019),
(22, 49, 18, 2019),
(35, 36, 18, 2019),
(18, 15, 18, 2019),
(56, 31, 18, 2019),
(54, 39, 19, 2023),
(7, 40, 19, 2023),
(71, 22, 19, 2023),
(51, 42, 19, 2023),
(29, 27, 19, 2023),
(17, 25, 19, 2023),
(37, 17, 19, 2023),
(46, 6, 19, 2023),
(16, 22, 19, 2023),
(10, 37, 19, 2023),
(60, 15, 19, 2023),
(38, 13, 19, 2023),
(61, 16, 19, 2023),
(5, 1, 19, 2023),
(15, 34, 19, 2023),
(48, 49, 19, 2023),
(14, 24, 19, 2023),
(70, 31, 19, 2023),
(64, 18, 19, 2023),
(19, 32, 19, 2023),
(28, 30, 19, 2023),
(8, 23, 19, 2023),
(48, 7, 20, 2024),
(15, 45, 20, 2024),
(5, 4, 20, 2024),
(18, 42, 20, 2024),
(2, 5, 20, 2024),
(54, 12, 20, 2024),
(62, 26, 20, 2024),
(20, 43, 20, 2024),
(46, 19, 20, 2024),
(53, 46, 20, 2024),
(41, 36, 20, 2024),
(25, 28, 20, 2024),
(73, 44, 20, 2024),
(7, 41, 20, 2024),
(13, 39, 20, 2024),
(30, 20, 20, 2024),
(29, 29, 20, 2024),
(31, 10, 20, 2024),
(16, 50, 20, 2024),
(50, 40, 20, 2024),
(11, 48, 20, 2024),
(35, 35, 20, 2024);

INSERT INTO `Memasok` VALUES
(16, 41, 2),
(2, 8, 3),
(9, 35, 12),
(1, 49, 10),
(1, 30, 6),
(19, 7, 6),
(15, 21, 17),
(20, 6, 18),
(16, 45, 8),
(19, 30, 16),
(18, 20, 12),
(5, 42, 15),
(10, 1, 18),
(4, 23, 16),
(20, 41, 8),
(13, 12, 16),
(1, 18, 18),
(4, 8, 9),
(11, 48, 10),
(1, 29, 5),
(11, 40, 15),
(1, 29, 14),
(6, 22, 19),
(6, 14, 15),
(16, 15, 8),
(11, 2, 15),
(8, 18, 14),
(7, 50, 7),
(4, 23, 2),
(7, 31, 3),
(19, 45, 5),
(6, 19, 4),
(14, 32, 3),
(2, 18, 19),
(14, 2, 8),
(10, 39, 12),
(18, 27, 15),
(3, 6, 19),
(19, 26, 9),
(18, 19, 20),
(16, 33, 15),
(16, 3, 11),
(17, 10, 9),
(4, 22, 15),
(1, 32, 14),
(12, 50, 10),
(15, 24, 9),
(14, 3, 8),
(4, 11, 14),
(20, 48, 10),
(12, 43, 7),
(8, 30, 1),
(1, 3, 1),
(11, 44, 12),
(3, 3, 3),
(1, 20, 8),
(20, 47, 14),
(9, 12, 13),
(16, 33, 10),
(5, 26, 20),
(1, 32, 9),
(18, 11, 1),
(16, 25, 2),
(13, 27, 17),
(20, 40, 1),
(4, 45, 20),
(8, 7, 13),
(11, 16, 16),
(2, 26, 4),
(18, 45, 17),
(13, 37, 3),
(6, 44, 5),
(13, 37, 12),
(15, 20, 2),
(20, 24, 7),
(6, 13, 8),
(16, 2, 18),
(11, 42, 19),
(13, 46, 8),
(10, 11, 7),
(3, 29, 1),
(14, 36, 14),
(3, 44, 8),
(5, 15, 14),
(13, 30, 8),
(14, 9, 5),
(15, 28, 5),
(18, 45, 12),
(1, 24, 14),
(17, 50, 4),
(10, 34, 13),
(4, 48, 7),
(15, 8, 14),
(20, 23, 19),
(11, 6, 3),
(2, 40, 19),
(20, 43, 15),
(13, 38, 8),
(2, 10, 14),
(13, 7, 11),
(11, 12, 9),
(15, 1, 10),
(16, 5, 14),
(20, 28, 17),
(15, 34, 16),
(18, 14, 11),
(9, 7, 9),
(6, 48, 2),
(12, 45, 11),
(7, 29, 13),
(14, 9, 9),
(5, 10, 16),
(1, 47, 11),
(2, 28, 13),
(17, 42, 13),
(9, 33, 3),
(19, 36, 3),
(5, 25, 4),
(7, 14, 6),
(4, 48, 20),
(11, 39, 4),
(4, 49, 3),
(20, 35, 15),
(3, 17, 17),
(10, 38, 14),
(15, 43, 2),
(16, 36, 6),
(17, 35, 9),
(2, 35, 20),
(9, 37, 5),
(15, 49, 18),
(15, 30, 13),
(13, 22, 8),
(6, 13, 2),
(11, 50, 17),
(6, 43, 12),
(10, 49, 9),
(4, 18, 10),
(5, 6, 3),
(15, 45, 16),
(2, 32, 19),
(2, 24, 15),
(7, 9, 16),
(4, 16, 13),
(7, 18, 3),
(10, 14, 2),
(12, 34, 9),
(5, 2, 1),
(3, 19, 17),
(4, 21, 11),
(14, 12, 18),
(8, 32, 18),
(18, 44, 1),
(15, 4, 1),
(16, 12, 20),
(18, 44, 10),
(17, 22, 11),
(8, 4, 17),
(5, 17, 4),
(7, 25, 10),
(7, 9, 11),
(13, 29, 20),
(13, 40, 20),
(1, 12, 11),
(6, 5, 16),
(9, 18, 9),
(2, 36, 11),
(18, 24, 18),
(14, 50, 13),
(11, 46, 10),
(11, 7, 18),
(18, 28, 15),
(6, 43, 20),
(16, 4, 20),
(4, 32, 2),
(11, 14, 17),
(19, 20, 12),
(19, 42, 12),
(15, 34, 5),
(5, 21, 5),
(14, 31, 13),
(19, 35, 18),
(1, 15, 7),
(3, 38, 11),
(10, 17, 2),
(12, 6, 13),
(8, 24, 4),
(14, 15, 1),
(13, 5, 7),
(3, 42, 8),
(17, 22, 1),
(4, 32, 15),
(7, 50, 20),
(7, 21, 2),
(8, 30, 19),
(12, 47, 4),
(12, 28, 9),
(8, 50, 15),
(20, 34, 4),
(8, 8, 18),
(15, 13, 7),
(9, 13, 14),
(2, 20, 16),
(7, 16, 17),
(3, 41, 16),
(12, 10, 5),
(5, 17, 7),
(8, 49, 19),
(14, 19, 2),
(20, 19, 5),
(2, 49, 15),
(7, 42, 20),
(15, 18, 5),
(15, 29, 11),
(17, 40, 13),
(5, 23, 4),
(5, 20, 17),
(10, 28, 20),
(2, 8, 10),
(2, 39, 15),
(18, 31, 11),
(15, 13, 11),
(7, 13, 16),
(5, 46, 20),
(19, 41, 20),
(12, 21, 9),
(18, 1, 6),
(5, 27, 6),
(4, 46, 16),
(4, 38, 12),
(7, 23, 11),
(2, 26, 17),
(4, 15, 19),
(18, 46, 4),
(12, 44, 16),
(20, 34, 12),
(2, 20, 6),
(18, 39, 19),
(7, 27, 13),
(3, 41, 6),
(20, 48, 13),
(18, 1, 19),
(9, 8, 1),
(11, 44, 6),
(2, 49, 14),
(4, 23, 18),
(15, 48, 5),
(16, 10, 12),
(11, 36, 20),
(9, 43, 4),
(13, 43, 5),
(11, 6, 16),
(19, 7, 3),
(18, 31, 1),
(11, 21, 13),
(6, 49, 2),
(7, 38, 17),
(2, 22, 19),
(14, 17, 8),
(1, 22, 13),
(11, 47, 16),
(2, 46, 13),
(18, 37, 16),
(8, 11, 4),
(20, 25, 15),
(14, 22, 6),
(19, 48, 17),
(14, 6, 7),
(5, 18, 14),
(8, 3, 5),
(1, 21, 7),
(16, 47, 10),
(6, 3, 12),
(15, 35, 2),
(3, 44, 20),
(17, 16, 9),
(7, 27, 12),
(4, 26, 14),
(20, 29, 8),
(19, 10, 17),
(20, 29, 17),
(4, 46, 1),
(12, 12, 3),
(17, 17, 19),
(7, 19, 16),
(13, 23, 8),
(7, 11, 12),
(19, 25, 14),
(4, 37, 19),
(10, 5, 7),
(7, 26, 6),
(14, 24, 19),
(18, 41, 4),
(16, 28, 10),
(8, 3, 18),
(13, 27, 1),
(7, 7, 1),
(13, 8, 6),
(18, 45, 1),
(15, 28, 3),
(17, 25, 9),
(8, 48, 16),
(6, 32, 6),
(15, 50, 9),
(19, 45, 6),
(4, 4, 8),
(18, 38, 7),
(1, 20, 5),
(6, 2, 10),
(4, 49, 6),
(15, 4, 5),
(3, 29, 3),
(5, 3, 15),
(14, 47, 16),
(14, 16, 19),
(11, 4, 12),
(9, 37, 17),
(8, 40, 7),
(18, 26, 10),
(17, 19, 9),
(11, 27, 9),
(20, 35, 13),
(15, 23, 13),
(17, 31, 19),
(7, 34, 18),
(19, 40, 7),
(18, 44, 18),
(15, 35, 5),
(6, 6, 11),
(16, 16, 7),
(7, 15, 4),
(13, 21, 15),
(10, 14, 14),
(2, 17, 15),
(4, 9, 13),
(10, 37, 6),
(7, 22, 3),
(19, 47, 5),
(19, 36, 14),
(18, 10, 2),
(10, 19, 12),
(2, 43, 17),
(8, 28, 5),
(6, 16, 10),
(6, 39, 12),
(4, 5, 20),
(15, 15, 18),
(13, 2, 5),
(17, 27, 3),
(20, 1, 2),
(5, 13, 18),
(2, 6, 9),
(5, 25, 19),
(6, 13, 4),
(3, 42, 7),
(3, 39, 20),
(18, 10, 6),
(20, 30, 10),
(7, 36, 8),
(6, 36, 2),
(14, 46, 5),
(16, 24, 10),
(5, 17, 11),
(19, 9, 18),
(16, 46, 16),
(14, 11, 11),
(17, 34, 19),
(14, 39, 2),
(6, 20, 20),
(20, 1, 15),
(10, 18, 1),
(16, 12, 4),
(14, 4, 16),
(14, 15, 13),
(1, 31, 18),
(15, 14, 7),
(4, 5, 1),
(9, 9, 6),
(12, 33, 14),
(4, 25, 6),
(14, 39, 6),
(16, 39, 8),
(3, 16, 3),
(15, 33, 7),
(7, 32, 10),
(10, 40, 11),
(2, 12, 6),
(14, 4, 11),
(15, 13, 19),
(16, 15, 10),
(3, 8, 13),
(18, 43, 11),
(2, 35, 7),
(3, 4, 6),
(7, 40, 4),
(10, 14, 3),
(6, 27, 19),
(4, 9, 2),
(10, 36, 18),
(13, 1, 12),
(18, 17, 12),
(16, 33, 17),
(17, 33, 4),
(17, 41, 17),
(17, 10, 20),
(4, 1, 3),
(8, 50, 3),
(1, 31, 8),
(18, 1, 9),
(19, 23, 5),
(11, 11, 8),
(3, 34, 2),
(18, 24, 1),
(8, 19, 12),
(2, 30, 18),
(2, 42, 1),
(5, 31, 15),
(8, 42, 4),
(14, 41, 14),
(12, 5, 18),
(19, 26, 15),
(15, 41, 10),
(17, 33, 8),
(13, 47, 1),
(3, 7, 20),
(7, 5, 10),
(20, 38, 3),
(11, 2, 7),
(16, 7, 14),
(3, 11, 17),
(16, 38, 1),
(1, 25, 17),
(4, 5, 4),
(13, 31, 7),
(2, 30, 4),
(3, 26, 2),
(1, 37, 9),
(3, 37, 11),
(10, 16, 2),
(20, 2, 12);

INSERT INTO `Berpartisipasi_di` VALUES
(58, 1, 1, '01:20:19.06', 25),
(30, 1, 2, '01:20:20.42', 18),
(46, 1, 3, '01:20:22.91', 15),
(26, 1, 4, '01:20:26.05', 12),
(60, 1, 5, '01:20:30.50', 10),
(68, 1, 6, '01:20:33.60', 8),
(1, 1, 7, '01:20:36.59', 6),
(56, 1, 8, '01:20:37.69', 4),
(29, 1, 9, '01:20:42.57', 2),
(72, 1, 10, '01:20:47.57', 1),
(59, 1, 11, '01:20:51.87', 0),
(66, 1, 12, '01:20:57.37', 0),
(51, 1, 13, '01:21:03.60', 0),
(57, 1, 14, '01:21:06.19', 0),
(5, 1, 15, '01:21:09.77', 0),
(22, 1, 16, '01:21:14.41', 0),
(12, 1, 17, '01:21:18.57', 0),
(49, 1, 18, '01:21:25.25', 0),
(40, 1, 19, '01:21:27.16', 0),
(42, 1, 20, '01:21:28.64', 0),
(15, 1, 21, '01:21:32.93', 0),
(63, 1, 22, '01:21:37.07', 0),
(7, 2, 1, '01:48:24.86', 25),
(15, 2, 2, '01:48:27.69', 18),
(71, 2, 3, '01:48:30.83', 15),
(56, 2, 4, '01:48:34.35', 12),
(30, 2, 5, '01:48:38.66', 10),
(8, 2, 6, '01:48:42.92', 8),
(61, 2, 7, '01:48:48.55', 6),
(47, 2, 8, '01:48:50.67', 4),
(73, 2, 9, '01:48:55.85', 2),
(38, 2, 10, '01:49:01.44', 1),
(43, 2, 11, '01:49:05.07', 0),
(64, 2, 12, '01:49:10.21', 0),
(69, 2, 13, '01:49:14.73', 0),
(2, 2, 14, '01:49:19.60', 0),
(32, 2, 15, '01:49:20.84', 0),
(46, 2, 16, '01:49:26.39', 0),
(66, 2, 17, '01:49:33.30', 0),
(51, 2, 18, '01:49:34.53', 0),
(37, 2, 19, '01:49:39.14', 0),
(36, 2, 20, '01:49:42.54', 0),
(20, 2, 21, '01:49:46.88', 0),
(3, 2, 22, '01:49:51.04', 0),
(20, 3, 1, '01:38:07.81', 25),
(3, 3, 2, '01:38:10.22', 18),
(42, 3, 3, '01:38:11.61', 15),
(7, 3, 4, '01:38:13.84', 12),
(50, 3, 5, '01:38:16.78', 10),
(73, 3, 6, '01:38:21.12', 8),
(6, 3, 7, '01:38:25.58', 6),
(71, 3, 8, '01:38:29.69', 4),
(67, 3, 9, '01:38:32.92', 2),
(55, 3, 10, '01:38:38.62', 1),
(11, 3, 11, '01:38:44.29', 0),
(49, 3, 12, '01:38:48.20', 0),
(35, 3, 13, '01:38:50.10', 0),
(32, 3, 14, '01:38:51.28', 0),
(13, 3, 15, '01:38:56.55', 0),
(8, 3, 16, '01:38:59.83', 0),
(69, 3, 17, '01:39:04.66', 0),
(47, 3, 18, '01:39:05.77', 0),
(23, 3, 19, '01:39:07.07', 0),
(30, 3, 20, '01:39:12.79', 0),
(66, 3, 21, '01:39:13.97', 0),
(15, 3, 22, '01:39:17.54', 0),
(67, 4, 1, '01:37:31.86', 25),
(46, 4, 2, '01:37:35.85', 18),
(24, 4, 3, '01:37:42.67', 15),
(7, 4, 4, '01:37:48.95', 12),
(44, 4, 5, '01:37:55.72', 10),
(51, 4, 6, '01:38:02.33', 8),
(35, 4, 7, '01:38:06.89', 6),
(70, 4, 8, '01:38:13.84', 4),
(61, 4, 9, '01:38:18.32', 2),
(53, 4, 10, '01:38:23.51', 1),
(45, 4, 11, '01:38:25.12', 0),
(3, 4, 12, '01:38:27.28', 0),
(4, 4, 13, '01:38:29.00', 0),
(41, 4, 14, '01:38:34.15', 0),
(74, 4, 15, '01:38:39.15', 0),
(68, 4, 16, '01:38:44.52', 0),
(69, 4, 17, '01:38:49.37', 0),
(27, 4, 18, '01:38:52.74', 0),
(29, 4, 19, '01:38:57.17', 0),
(57, 4, 20, '01:38:59.79', 0),
(34, 4, 21, '01:39:06.59', 0),
(6, 4, 22, '01:39:13.01', 0),
(41, 5, 1, '01:47:03.77', 25),
(8, 5, 2, '01:47:08.60', 18),
(27, 5, 3, '01:47:15.17', 15),
(21, 5, 4, '01:47:21.03', 12),
(39, 5, 5, '01:47:24.42', 10),
(69, 5, 6, '01:47:29.78', 8),
(12, 5, 7, '01:47:31.19', 6),
(73, 5, 8, '01:47:32.58', 4),
(35, 5, 9, '01:47:36.32', 2),
(3, 5, 10, '01:47:41.90', 1),
(45, 5, 11, '01:47:47.04', 0),
(67, 5, 12, '01:47:52.83', 0),
(57, 5, 13, '01:47:58.93', 0),
(11, 5, 14, '01:48:05.13', 0),
(16, 5, 15, '01:48:10.44', 0),
(18, 5, 16, '01:48:12.23', 0),
(30, 5, 17, '01:48:15.91', 0),
(26, 5, 18, '01:48:18.39', 0),
(22, 5, 19, '01:48:22.82', 0),
(75, 5, 20, '01:48:24.30', 0),
(37, 5, 21, '01:48:29.29', 0),
(1, 5, 22, '01:48:30.46', 0),
(14, 6, 1, '01:45:08.67', 25),
(22, 6, 2, '01:45:15.57', 18),
(3, 6, 3, '01:45:21.97', 15),
(21, 6, 4, '01:45:26.10', 12),
(73, 6, 5, '01:45:30.57', 10),
(74, 6, 6, '01:45:32.52', 8),
(28, 6, 7, '01:45:37.03', 6),
(10, 6, 8, '01:45:39.51', 4),
(18, 6, 9, '01:45:40.65', 2),
(8, 6, 10, '01:45:46.15', 1),
(39, 6, 11, '01:45:48.70', 0),
(4, 6, 12, '01:45:50.56', 0),
(42, 6, 13, '01:45:51.97', 0),
(5, 6, 14, '01:45:56.65', 0),
(9, 6, 15, '01:45:57.77', 0),
(37, 6, 16, '01:46:04.36', 0),
(67, 6, 17, '01:46:10.19', 0),
(48, 6, 18, '01:46:15.51', 0),
(30, 6, 19, '01:46:17.85', 0),
(25, 6, 20, '01:46:20.10', 0),
(70, 6, 21, '01:46:27.03', 0),
(52, 6, 22, '01:46:33.55', 0),
(15, 7, 1, '01:53:37.24', 25),
(43, 7, 2, '01:53:39.08', 18),
(65, 7, 3, '01:53:43.58', 15),
(3, 7, 4, '01:53:50.08', 12),
(27, 7, 5, '01:53:52.39', 10),
(71, 7, 6, '01:53:56.57', 8),
(36, 7, 7, '01:54:03.26', 6),
(28, 7, 8, '01:54:09.86', 4),
(18, 7, 9, '01:54:14.56', 2),
(39, 7, 10, '01:54:19.32', 1),
(44, 7, 11, '01:54:21.84', 0),
(46, 7, 12, '01:54:26.44', 0),
(5, 7, 13, '01:54:32.86', 0),
(25, 7, 14, '01:54:39.05', 0),
(41, 7, 15, '01:54:41.25', 0),
(40, 7, 16, '01:54:42.99', 0),
(29, 7, 17, '01:54:49.19', 0),
(35, 7, 18, '01:54:52.01', 0),
(21, 7, 19, '01:54:54.30', 0),
(42, 7, 20, '01:54:55.73', 0),
(30, 7, 21, '01:54:59.25', 0),
(58, 7, 22, '01:55:04.08', 0),
(6, 8, 1, '01:49:21.74', 25),
(40, 8, 2, '01:49:24.74', 18),
(66, 8, 3, '01:49:29.02', 15),
(68, 8, 4, '01:49:33.36', 12),
(49, 8, 5, '01:49:36.84', 10),
(11, 8, 6, '01:49:41.22', 8),
(52, 8, 7, '01:49:43.13', 6),
(36, 8, 8, '01:49:45.88', 4),
(72, 8, 9, '01:49:52.41', 2),
(23, 8, 10, '01:49:53.96', 1),
(24, 8, 11, '01:50:00.37', 0),
(1, 8, 12, '01:50:06.77', 0),
(71, 8, 13, '01:50:10.23', 0),
(38, 8, 14, '01:50:11.91', 0),
(5, 8, 15, '01:50:13.69', 0),
(4, 8, 16, '01:50:17.54', 0),
(20, 8, 17, '01:50:20.64', 0),
(56, 8, 18, '01:50:27.58', 0),
(14, 8, 19, '01:50:29.06', 0),
(74, 8, 20, '01:50:33.56', 0),
(70, 8, 21, '01:50:35.98', 0),
(10, 8, 22, '01:50:37.45', 0),
(8, 9, 1, '01:50:08.64', 25),
(57, 9, 2, '01:50:10.51', 18),
(63, 9, 3, '01:50:16.26', 15),
(59, 9, 4, '01:50:22.55', 12),
(11, 9, 5, '01:50:25.91', 10),
(56, 9, 6, '01:50:27.65', 8),
(75, 9, 7, '01:50:31.45', 6),
(47, 9, 8, '01:50:36.41', 4),
(30, 9, 9, '01:50:38.93', 2),
(71, 9, 10, '01:50:44.93', 1),
(72, 9, 11, '01:50:51.14', 0),
(17, 9, 12, '01:50:57.75', 0),
(2, 9, 13, '01:51:00.15', 0),
(52, 9, 14, '01:51:04.80', 0),
(23, 9, 15, '01:51:09.66', 0),
(6, 9, 16, '01:51:16.54', 0),
(55, 9, 17, '01:51:18.42', 0),
(18, 9, 18, '01:51:22.31', 0),
(73, 9, 19, '01:51:26.82', 0),
(22, 9, 20, '01:51:31.11', 0),
(26, 9, 21, '01:51:34.82', 0),
(65, 9, 22, '01:51:36.80', 0),
(58, 10, 1, '01:34:10.25', 25),
(53, 10, 2, '01:34:15.85', 18),
(44, 10, 3, '01:34:22.55', 15),
(1, 10, 4, '01:34:25.73', 12),
(43, 10, 5, '01:34:29.27', 10),
(38, 10, 6, '01:34:35.44', 8),
(75, 10, 7, '01:34:37.07', 6),
(74, 10, 8, '01:34:40.67', 4),
(63, 10, 9, '01:34:42.39', 2),
(7, 10, 10, '01:34:44.37', 1),
(68, 10, 11, '01:34:50.84', 0),
(17, 10, 12, '01:34:52.54', 0),
(26, 10, 13, '01:34:57.08', 0),
(37, 10, 14, '01:34:59.43', 0),
(15, 10, 15, '01:35:01.11', 0),
(65, 10, 16, '01:35:03.61', 0),
(41, 10, 17, '01:35:05.71', 0),
(62, 10, 18, '01:35:11.45', 0),
(73, 10, 19, '01:35:14.38', 0),
(72, 10, 20, '01:35:19.00', 0),
(30, 10, 21, '01:35:23.23', 0),
(71, 10, 22, '01:35:28.97', 0),
(64, 11, 1, '01:21:21.21', 25),
(10, 11, 2, '01:21:27.09', 18),
(11, 11, 3, '01:21:29.30', 15),
(53, 11, 4, '01:21:31.16', 12),
(18, 11, 5, '01:21:32.60', 10),
(29, 11, 6, '01:21:37.88', 8),
(19, 11, 7, '01:21:39.57', 6),
(12, 11, 8, '01:21:41.25', 4),
(56, 11, 9, '01:21:48.20', 2),
(39, 11, 10, '01:21:52.98', 1),
(67, 11, 11, '01:21:58.15', 0),
(68, 11, 12, '01:22:02.12', 0),
(37, 11, 13, '01:22:07.09', 0),
(3, 11, 14, '01:22:11.80', 0),
(2, 11, 15, '01:22:16.15', 0),
(61, 11, 16, '01:22:18.04', 0),
(72, 11, 17, '01:22:19.63', 0),
(31, 11, 18, '01:22:25.55', 0),
(57, 11, 19, '01:22:27.42', 0),
(59, 11, 20, '01:22:30.00', 0),
(55, 11, 21, '01:22:34.68', 0),
(62, 11, 22, '01:22:37.06', 0),
(60, 12, 1, '01:51:43.11', 25),
(3, 12, 2, '01:51:49.72', 18),
(62, 12, 3, '01:51:52.60', 15),
(11, 12, 4, '01:51:54.96', 12),
(4, 12, 5, '01:52:01.86', 10),
(21, 12, 6, '01:52:03.38', 8),
(59, 12, 7, '01:52:06.90', 6),
(72, 12, 8, '01:52:08.70', 4),
(56, 12, 9, '01:52:09.83', 2),
(2, 12, 10, '01:52:12.61', 1),
(40, 12, 11, '01:52:17.05', 0),
(9, 12, 12, '01:52:23.38', 0),
(38, 12, 13, '01:52:25.67', 0),
(29, 12, 14, '01:52:30.17', 0),
(70, 12, 15, '01:52:33.91', 0),
(48, 12, 16, '01:52:39.71', 0),
(8, 12, 17, '01:52:41.46', 0),
(36, 12, 18, '01:52:42.99', 0),
(34, 12, 19, '01:52:45.12', 0),
(32, 12, 20, '01:52:48.23', 0),
(65, 12, 21, '01:52:50.50', 0),
(14, 12, 22, '01:52:52.29', 0),
(36, 13, 1, '01:24:02.34', 25),
(73, 13, 2, '01:24:07.59', 18),
(45, 13, 3, '01:24:09.87', 15),
(11, 13, 4, '01:24:16.08', 12),
(25, 13, 5, '01:24:18.98', 10),
(57, 13, 6, '01:24:24.21', 8),
(52, 13, 7, '01:24:26.13', 6),
(42, 13, 8, '01:24:31.43', 4),
(13, 13, 9, '01:24:35.20', 2),
(71, 13, 10, '01:24:37.81', 1),
(23, 13, 11, '01:24:42.98', 0),
(66, 13, 12, '01:24:46.89', 0),
(29, 13, 13, '01:24:49.85', 0),
(17, 13, 14, '01:24:53.41', 0),
(58, 13, 15, '01:24:57.98', 0),
(37, 13, 16, '01:24:59.49', 0),
(51, 13, 17, '01:25:01.81', 0),
(67, 13, 18, '01:25:04.56', 0),
(62, 13, 19, '01:25:09.00', 0),
(63, 13, 20, '01:25:11.31', 0),
(65, 13, 21, '01:25:16.26', 0),
(44, 13, 22, '01:25:22.01', 0),
(69, 14, 1, '01:58:34.10', 25),
(17, 14, 2, '01:58:35.67', 18),
(61, 14, 3, '01:58:41.10', 15),
(50, 14, 4, '01:58:47.70', 12),
(6, 14, 5, '01:58:51.90', 10),
(8, 14, 6, '01:58:53.05', 8),
(5, 14, 7, '01:58:55.73', 6),
(59, 14, 8, '01:59:02.47', 4),
(7, 14, 9, '01:59:05.60', 2),
(9, 14, 10, '01:59:09.10', 1),
(18, 14, 11, '01:59:13.93', 0),
(25, 14, 12, '01:59:18.74', 0),
(10, 14, 13, '01:59:20.55', 0),
(30, 14, 14, '01:59:26.71', 0),
(53, 14, 15, '01:59:28.61', 0),
(19, 14, 16, '01:59:35.43', 0),
(34, 14, 17, '01:59:40.67', 0),
(62, 14, 18, '01:59:45.51', 0),
(70, 14, 19, '01:59:46.66', 0),
(54, 14, 20, '01:59:53.25', 0),
(40, 14, 21, '01:59:55.08', 0),
(52, 14, 22, '01:59:57.92', 0),
(74, 15, 1, '01:53:40.77', 25),
(30, 15, 2, '01:53:45.56', 18),
(53, 15, 3, '01:53:52.55', 15),
(73, 15, 4, '01:53:53.95', 12),
(41, 15, 5, '01:53:59.63', 10),
(50, 15, 6, '01:54:05.99', 8),
(56, 15, 7, '01:54:07.50', 6),
(62, 15, 8, '01:54:11.06', 4),
(8, 15, 9, '01:54:13.43', 2),
(40, 15, 10, '01:54:16.04', 1),
(43, 15, 11, '01:54:22.16', 0),
(18, 15, 12, '01:54:28.95', 0),
(34, 15, 13, '01:54:33.45', 0),
(17, 15, 14, '01:54:39.30', 0),
(58, 15, 15, '01:54:44.28', 0),
(20, 15, 16, '01:54:48.50', 0),
(26, 15, 17, '01:54:50.02', 0),
(12, 15, 18, '01:54:54.50', 0),
(22, 15, 19, '01:54:58.12', 0),
(66, 15, 20, '01:55:05.01', 0),
(27, 15, 21, '01:55:06.11', 0),
(48, 15, 22, '01:55:10.66', 0),
(12, 16, 1, '01:21:00.21', 25),
(20, 16, 2, '01:21:03.61', 18),
(73, 16, 3, '01:21:09.32', 15),
(30, 16, 4, '01:21:12.52', 12),
(14, 16, 5, '01:21:15.67', 10),
(13, 16, 6, '01:21:21.01', 8),
(49, 16, 7, '01:21:27.86', 6),
(37, 16, 8, '01:21:34.53', 4),
(57, 16, 9, '01:21:40.97', 2),
(9, 16, 10, '01:21:46.44', 1),
(70, 16, 11, '01:21:53.00', 0),
(61, 16, 12, '01:21:57.47', 0),
(41, 16, 13, '01:22:04.04', 0),
(75, 16, 14, '01:22:09.70', 0),
(34, 16, 15, '01:22:15.55', 0),
(26, 16, 16, '01:22:19.77', 0),
(24, 16, 17, '01:22:21.68', 0),
(23, 16, 18, '01:22:26.28', 0),
(15, 16, 19, '01:22:33.06', 0),
(31, 16, 20, '01:22:37.92', 0),
(2, 16, 21, '01:22:41.61', 0),
(51, 16, 22, '01:22:46.01', 0),
(10, 17, 1, '01:56:41.80', 25),
(9, 17, 2, '01:56:46.07', 18),
(54, 17, 3, '01:56:52.37', 15),
(1, 17, 4, '01:56:56.26', 12),
(49, 17, 5, '01:56:59.13', 10),
(36, 17, 6, '01:57:02.01', 8),
(55, 17, 7, '01:57:08.66', 6),
(23, 17, 8, '01:57:14.37', 4),
(58, 17, 9, '01:57:19.62', 2),
(73, 17, 10, '01:57:22.14', 1),
(64, 17, 11, '01:57:27.06', 0),
(70, 17, 12, '01:57:31.16', 0),
(32, 17, 13, '01:57:34.56', 0),
(50, 17, 14, '01:57:36.36', 0),
(19, 17, 15, '01:57:38.98', 0),
(65, 17, 16, '01:57:40.56', 0),
(37, 17, 17, '01:57:45.02', 0),
(13, 17, 18, '01:57:46.14', 0),
(6, 17, 19, '01:57:49.05', 0),
(43, 17, 20, '01:57:54.77', 0),
(53, 17, 21, '01:57:58.62', 0),
(69, 17, 22, '01:58:00.99', 0),
(12, 18, 1, '01:59:22.66', 25),
(68, 18, 2, '01:59:25.89', 18),
(66, 18, 3, '01:59:31.74', 15),
(50, 18, 4, '01:59:36.89', 12),
(3, 18, 5, '01:59:43.71', 10),
(53, 18, 6, '01:59:46.21', 8),
(54, 18, 7, '01:59:49.90', 6),
(49, 18, 8, '01:59:53.79', 4),
(65, 18, 9, '01:59:56.28', 2),
(59, 18, 10, '02:00:02.48', 1),
(72, 18, 11, '02:00:05.19', 0),
(39, 18, 12, '02:00:11.77', 0),
(5, 18, 13, '02:00:14.07', 0),
(56, 18, 14, '02:00:17.73', 0),
(1, 18, 15, '02:00:19.43', 0),
(29, 18, 16, '02:00:24.86', 0),
(35, 18, 17, '02:00:30.00', 0),
(2, 18, 18, '02:00:34.55', 0),
(22, 18, 19, '02:00:38.13', 0),
(38, 18, 20, '02:00:42.24', 0),
(63, 18, 21, '02:00:48.59', 0),
(9, 18, 22, '02:00:51.56', 0),
(73, 19, 1, '01:23:16.23', 25),
(19, 19, 2, '01:23:19.83', 18),
(43, 19, 3, '01:23:21.60', 15),
(69, 19, 4, '01:23:26.70', 12),
(33, 19, 5, '01:23:30.40', 10),
(45, 19, 6, '01:23:32.52', 8),
(71, 19, 7, '01:23:39.05', 6),
(24, 19, 8, '01:23:43.89', 4),
(53, 19, 9, '01:23:50.23', 2),
(68, 19, 10, '01:23:53.97', 1),
(22, 19, 11, '01:23:56.27', 0),
(75, 19, 12, '01:24:00.40', 0),
(6, 19, 13, '01:24:02.98', 0),
(63, 19, 14, '01:24:09.75', 0),
(7, 19, 15, '01:24:10.92', 0),
(41, 19, 16, '01:24:13.32', 0),
(5, 19, 17, '01:24:19.03', 0),
(26, 19, 18, '01:24:23.85', 0),
(14, 19, 19, '01:24:27.79', 0),
(30, 19, 20, '01:24:29.92', 0),
(49, 19, 21, '01:24:35.33', 0),
(16, 19, 22, '01:24:41.96', 0),
(46, 20, 1, '01:24:09.95', 25),
(28, 20, 2, '01:24:15.89', 18),
(62, 20, 3, '01:24:17.20', 15),
(34, 20, 4, '01:24:18.83', 12),
(25, 20, 5, '01:24:25.74', 10),
(67, 20, 6, '01:24:27.98', 8),
(66, 20, 7, '01:24:29.97', 6),
(45, 20, 8, '01:24:35.25', 4),
(58, 20, 9, '01:24:36.50', 2),
(43, 20, 10, '01:24:40.03', 1),
(8, 20, 11, '01:24:44.54', 0),
(63, 20, 12, '01:24:50.48', 0),
(48, 20, 13, '01:24:57.43', 0),
(12, 20, 14, '01:24:59.83', 0),
(32, 20, 15, '01:25:01.41', 0),
(16, 20, 16, '01:25:05.62', 0),
(50, 20, 17, '01:25:08.77', 0),
(31, 20, 18, '01:25:12.58', 0),
(11, 20, 19, '01:25:17.32', 0),
(15, 20, 20, '01:25:18.59', 0),
(39, 20, 21, '01:25:24.89', 0),
(33, 20, 22, '01:25:28.16', 0),
(35, 21, 1, '01:53:42.74', 25),
(28, 21, 2, '01:53:48.09', 18),
(65, 21, 3, '01:53:53.09', 15),
(21, 21, 4, '01:53:58.20', 12),
(9, 21, 5, '01:53:59.90', 10),
(5, 21, 6, '01:54:05.33', 8),
(60, 21, 7, '01:54:12.09', 6),
(71, 21, 8, '01:54:17.40', 4),
(61, 21, 9, '01:54:23.54', 2),
(55, 21, 10, '01:54:24.84', 1),
(41, 21, 11, '01:54:27.27', 0),
(69, 21, 12, '01:54:32.72', 0),
(74, 21, 13, '01:54:36.41', 0),
(24, 21, 14, '01:54:41.14', 0),
(45, 21, 15, '01:54:45.88', 0),
(7, 21, 16, '01:54:48.17', 0),
(4, 21, 17, '01:54:54.34', 0),
(52, 21, 18, '01:54:58.73', 0),
(68, 21, 19, '01:55:02.73', 0),
(17, 21, 20, '01:55:08.33', 0),
(75, 21, 21, '01:55:10.76', 0),
(16, 21, 22, '01:55:13.70', 0),
(44, 22, 1, '01:30:14.44', 25),
(16, 22, 2, '01:30:15.56', 18),
(17, 22, 3, '01:30:17.12', 15),
(37, 22, 4, '01:30:21.81', 12),
(63, 22, 5, '01:30:28.47', 10),
(32, 22, 6, '01:30:31.02', 8),
(62, 22, 7, '01:30:36.52', 6),
(61, 22, 8, '01:30:43.22', 4),
(68, 22, 9, '01:30:46.01', 2),
(58, 22, 10, '01:30:52.91', 1),
(19, 22, 11, '01:30:54.72', 0),
(70, 22, 12, '01:30:58.97', 0),
(21, 22, 13, '01:31:00.94', 0),
(52, 22, 14, '01:31:05.13', 0),
(53, 22, 15, '01:31:07.81', 0),
(69, 22, 16, '01:31:10.24', 0),
(39, 22, 17, '01:31:17.07', 0),
(38, 22, 18, '01:31:20.17', 0),
(22, 22, 19, '01:31:26.04', 0),
(66, 22, 20, '01:31:27.24', 0),
(30, 22, 21, '01:31:31.91', 0),
(27, 22, 22, '01:31:34.40', 0),
(73, 23, 1, '01:26:56.69', 25),
(49, 23, 2, '01:27:00.41', 18),
(57, 23, 3, '01:27:06.37', 15),
(21, 23, 4, '01:27:09.28', 12),
(62, 23, 5, '01:27:16.06', 10),
(13, 23, 6, '01:27:20.73', 8),
(32, 23, 7, '01:27:25.73', 6),
(18, 23, 8, '01:27:30.01', 4),
(26, 23, 9, '01:27:32.59', 2),
(50, 23, 10, '01:27:35.39', 1),
(47, 23, 11, '01:27:38.62', 0),
(59, 23, 12, '01:27:44.44', 0),
(24, 23, 13, '01:27:47.04', 0),
(58, 23, 14, '01:27:48.74', 0),
(54, 23, 15, '01:27:55.53', 0),
(36, 23, 16, '01:27:59.82', 0),
(34, 23, 17, '01:28:01.42', 0),
(51, 23, 18, '01:28:05.31', 0),
(69, 23, 19, '01:28:10.60', 0),
(25, 23, 20, '01:28:15.97', 0),
(7, 23, 21, '01:28:19.60', 0),
(39, 23, 22, '01:28:21.22', 0),
(58, 24, 1, '01:59:47.11', 25),
(42, 24, 2, '01:59:48.30', 18),
(22, 24, 3, '01:59:50.25', 15),
(73, 24, 4, '01:59:53.85', 12),
(35, 24, 5, '02:00:00.34', 10),
(20, 24, 6, '02:00:04.08', 8),
(63, 24, 7, '02:00:05.98', 6),
(8, 24, 8, '02:00:10.64', 4),
(3, 24, 9, '02:00:15.47', 2),
(65, 24, 10, '02:00:21.42', 1),
(29, 24, 11, '02:00:26.52', 0),
(32, 24, 12, '02:00:31.20', 0),
(49, 24, 13, '02:00:35.45', 0),
(39, 24, 14, '02:00:36.56', 0),
(75, 24, 15, '02:00:43.01', 0),
(57, 24, 16, '02:00:47.29', 0),
(40, 24, 17, '02:00:53.15', 0),
(60, 24, 18, '02:00:56.38', 0),
(61, 24, 19, '02:00:57.81', 0),
(4, 24, 20, '02:01:02.15', 0),
(15, 24, 21, '02:01:06.75', 0),
(67, 24, 22, '02:01:12.74', 0),
(34, 25, 1, '01:55:34.39', 25),
(12, 25, 2, '01:55:38.83', 18),
(55, 25, 3, '01:55:40.53', 15),
(21, 25, 4, '01:55:47.44', 12),
(73, 25, 5, '01:55:52.96', 10),
(66, 25, 6, '01:55:57.53', 8),
(47, 25, 7, '01:56:02.64', 6),
(39, 25, 8, '01:56:06.34', 4),
(64, 25, 9, '01:56:08.54', 2),
(29, 25, 10, '01:56:12.50', 1),
(68, 25, 11, '01:56:19.18', 0),
(58, 25, 12, '01:56:25.29', 0),
(75, 25, 13, '01:56:27.63', 0),
(28, 25, 14, '01:56:29.07', 0),
(31, 25, 15, '01:56:32.28', 0),
(23, 25, 16, '01:56:34.63', 0),
(16, 25, 17, '01:56:39.13', 0),
(44, 25, 18, '01:56:42.93', 0),
(48, 25, 19, '01:56:48.03', 0),
(32, 25, 20, '01:56:49.24', 0),
(27, 25, 21, '01:56:54.44', 0),
(15, 25, 22, '01:57:00.64', 0),
(22, 26, 1, '01:21:37.48', 25),
(73, 26, 2, '01:21:38.65', 18),
(16, 26, 3, '01:21:40.03', 15),
(70, 26, 4, '01:21:41.86', 12),
(9, 26, 5, '01:21:43.03', 10),
(2, 26, 6, '01:21:48.37', 8),
(10, 26, 7, '01:21:54.95', 6),
(55, 26, 8, '01:21:59.38', 4),
(36, 26, 9, '01:22:00.80', 2),
(69, 26, 10, '01:22:06.70', 1),
(24, 26, 11, '01:22:07.96', 0),
(38, 26, 12, '01:22:10.31', 0),
(12, 26, 13, '01:22:12.48', 0),
(51, 26, 14, '01:22:15.91', 0),
(67, 26, 15, '01:22:21.36', 0),
(17, 26, 16, '01:22:22.85', 0),
(29, 26, 17, '01:22:29.63', 0),
(72, 26, 18, '01:22:34.32', 0),
(20, 26, 19, '01:22:38.15', 0),
(74, 26, 20, '01:22:42.84', 0),
(39, 26, 21, '01:22:44.23', 0),
(34, 26, 22, '01:22:49.90', 0),
(58, 27, 1, '01:59:14.07', 25),
(10, 27, 2, '01:59:20.58', 18),
(1, 27, 3, '01:59:26.93', 15),
(51, 27, 4, '01:59:30.82', 12),
(45, 27, 5, '01:59:37.55', 10),
(75, 27, 6, '01:59:40.51', 8),
(9, 27, 7, '01:59:46.74', 6),
(12, 27, 8, '01:59:48.70', 4),
(32, 27, 9, '01:59:54.50', 2),
(60, 27, 10, '01:59:55.88', 1),
(43, 27, 11, '01:59:58.66', 0),
(4, 27, 12, '02:00:00.85', 0),
(59, 27, 13, '02:00:02.41', 0),
(6, 27, 14, '02:00:06.99', 0),
(29, 27, 15, '02:00:08.97', 0),
(22, 27, 16, '02:00:13.67', 0),
(37, 27, 17, '02:00:17.65', 0),
(14, 27, 18, '02:00:19.75', 0),
(67, 27, 19, '02:00:23.91', 0),
(39, 27, 20, '02:00:25.36', 0),
(28, 27, 21, '02:00:26.71', 0),
(19, 27, 22, '02:00:28.13', 0),
(20, 28, 1, '01:47:20.02', 25),
(59, 28, 2, '01:47:26.45', 18),
(62, 28, 3, '01:47:31.45', 15),
(25, 28, 4, '01:47:34.82', 12),
(6, 28, 5, '01:47:39.34', 10),
(36, 28, 6, '01:47:45.96', 8),
(34, 28, 7, '01:47:47.48', 6),
(65, 28, 8, '01:47:53.64', 4),
(71, 28, 9, '01:47:58.37', 2),
(41, 28, 10, '01:48:01.18', 1),
(43, 28, 11, '01:48:07.04', 0),
(64, 28, 12, '01:48:08.63', 0),
(1, 28, 13, '01:48:15.26', 0),
(63, 28, 14, '01:48:16.36', 0),
(68, 28, 15, '01:48:21.33', 0),
(70, 28, 16, '01:48:27.50', 0),
(28, 28, 17, '01:48:33.78', 0),
(49, 28, 18, '01:48:36.62', 0),
(16, 28, 19, '01:48:38.42', 0),
(31, 28, 20, '01:48:42.80', 0),
(14, 28, 21, '01:48:46.91', 0),
(69, 28, 22, '01:48:52.41', 0),
(59, 29, 1, '01:21:27.70', 25),
(4, 29, 2, '01:21:34.29', 18),
(61, 29, 3, '01:21:35.90', 15),
(45, 29, 4, '01:21:42.00', 12),
(63, 29, 5, '01:21:43.78', 10),
(73, 29, 6, '01:21:50.69', 8),
(68, 29, 7, '01:21:56.62', 6),
(58, 29, 8, '01:22:02.82', 4),
(53, 29, 9, '01:22:06.92', 2),
(15, 29, 10, '01:22:11.84', 1),
(8, 29, 11, '01:22:13.23', 0),
(33, 29, 12, '01:22:14.97', 0),
(13, 29, 13, '01:22:19.37', 0),
(69, 29, 14, '01:22:25.51', 0),
(75, 29, 15, '01:22:31.17', 0),
(51, 29, 16, '01:22:35.95', 0),
(2, 29, 17, '01:22:38.30', 0),
(19, 29, 18, '01:22:43.74', 0),
(43, 29, 19, '01:22:45.49', 0),
(40, 29, 20, '01:22:52.31', 0),
(57, 29, 21, '01:22:55.17', 0),
(27, 29, 22, '01:22:59.68', 0),
(50, 30, 1, '01:42:10.05', 25),
(53, 30, 2, '01:42:12.27', 18),
(39, 30, 3, '01:42:14.84', 15),
(61, 30, 4, '01:42:18.57', 12),
(1, 30, 5, '01:42:20.90', 10),
(55, 30, 6, '01:42:25.34', 8),
(13, 30, 7, '01:42:32.02', 6),
(42, 30, 8, '01:42:34.62', 4),
(8, 30, 9, '01:42:39.12', 2),
(43, 30, 10, '01:42:41.11', 1),
(62, 30, 11, '01:42:42.69', 0),
(63, 30, 12, '01:42:44.49', 0),
(68, 30, 13, '01:42:47.43', 0),
(35, 30, 14, '01:42:49.61', 0),
(49, 30, 15, '01:42:53.97', 0),
(47, 30, 16, '01:42:59.55', 0),
(25, 30, 17, '01:43:01.34', 0),
(12, 30, 18, '01:43:06.63', 0),
(52, 30, 19, '01:43:11.15', 0),
(16, 30, 20, '01:43:14.64', 0),
(2, 30, 21, '01:43:19.25', 0),
(37, 30, 22, '01:43:20.95', 0),
(32, 31, 1, '01:40:54.59', 25),
(56, 31, 2, '01:40:59.91', 18),
(44, 31, 3, '01:41:03.42', 15),
(40, 31, 4, '01:41:05.84', 12),
(1, 31, 5, '01:41:11.36', 10),
(3, 31, 6, '01:41:18.13', 8),
(55, 31, 7, '01:41:20.06', 6),
(18, 31, 8, '01:41:26.25', 4),
(26, 31, 9, '01:41:32.97', 2),
(37, 31, 10, '01:41:39.26', 1),
(66, 31, 11, '01:41:40.38', 0),
(5, 31, 12, '01:41:44.74', 0),
(43, 31, 13, '01:41:51.56', 0),
(39, 31, 14, '01:41:56.26', 0),
(61, 31, 15, '01:41:57.38', 0),
(51, 31, 16, '01:42:02.18', 0),
(65, 31, 17, '01:42:04.85', 0),
(46, 31, 18, '01:42:09.31', 0),
(4, 31, 19, '01:42:12.60', 0),
(69, 31, 20, '01:42:16.90', 0),
(34, 31, 21, '01:42:18.70', 0),
(49, 31, 22, '01:42:23.66', 0),
(28, 32, 1, '01:20:22.21', 25),
(5, 32, 2, '01:20:26.43', 18),
(10, 32, 3, '01:20:31.21', 15),
(53, 32, 4, '01:20:35.84', 12),
(70, 32, 5, '01:20:42.58', 10),
(3, 32, 6, '01:20:46.21', 8),
(54, 32, 7, '01:20:49.92', 6),
(50, 32, 8, '01:20:55.16', 4),
(72, 32, 9, '01:20:57.00', 2),
(57, 32, 10, '01:21:03.11', 1),
(36, 32, 11, '01:21:08.76', 0),
(2, 32, 12, '01:21:12.96', 0),
(17, 32, 13, '01:21:17.86', 0),
(67, 32, 14, '01:21:24.39', 0),
(1, 32, 15, '01:21:30.87', 0),
(27, 32, 16, '01:21:36.45', 0),
(31, 32, 17, '01:21:40.83', 0),
(20, 32, 18, '01:21:41.83', 0),
(64, 32, 19, '01:21:46.52', 0),
(48, 32, 20, '01:21:47.95', 0),
(4, 32, 21, '01:21:53.85', 0),
(56, 32, 22, '01:21:56.57', 0),
(47, 33, 1, '01:29:45.74', 25),
(29, 33, 2, '01:29:49.06', 18),
(66, 33, 3, '01:29:55.29', 15),
(10, 33, 4, '01:29:59.52', 12),
(20, 33, 5, '01:30:04.73', 10),
(26, 33, 6, '01:30:07.84', 8),
(24, 33, 7, '01:30:08.96', 6),
(27, 33, 8, '01:30:15.76', 4),
(44, 33, 9, '01:30:20.02', 2),
(63, 33, 10, '01:30:24.98', 1),
(23, 33, 11, '01:30:27.43', 0),
(25, 33, 12, '01:30:30.04', 0),
(37, 33, 13, '01:30:33.28', 0),
(38, 33, 14, '01:30:39.94', 0),
(5, 33, 15, '01:30:46.70', 0),
(42, 33, 16, '01:30:52.64', 0),
(36, 33, 17, '01:30:59.08', 0),
(54, 33, 18, '01:31:03.98', 0),
(16, 33, 19, '01:31:07.66', 0),
(53, 33, 20, '01:31:09.28', 0),
(69, 33, 21, '01:31:15.51', 0),
(19, 33, 22, '01:31:19.82', 0),
(32, 34, 1, '01:52:58.98', 25),
(58, 34, 2, '01:53:04.32', 18),
(72, 34, 3, '01:53:06.96', 15),
(10, 34, 4, '01:53:09.78', 12),
(36, 34, 5, '01:53:11.18', 10),
(42, 34, 6, '01:53:15.98', 8),
(13, 34, 7, '01:53:22.58', 6),
(68, 34, 8, '01:53:28.12', 4),
(74, 34, 9, '01:53:31.88', 2),
(1, 34, 10, '01:53:36.42', 1),
(22, 34, 11, '01:53:40.31', 0),
(5, 34, 12, '01:53:42.01', 0),
(43, 34, 13, '01:53:44.34', 0),
(28, 34, 14, '01:53:49.65', 0),
(30, 34, 15, '01:53:52.80', 0),
(12, 34, 16, '01:53:55.16', 0),
(55, 34, 17, '01:53:59.47', 0),
(59, 34, 18, '01:54:04.07', 0),
(66, 34, 19, '01:54:08.64', 0),
(53, 34, 20, '01:54:11.38', 0),
(40, 34, 21, '01:54:17.69', 0),
(71, 34, 22, '01:54:21.45', 0),
(58, 35, 1, '01:43:23.26', 25),
(23, 35, 2, '01:43:29.21', 18),
(22, 35, 3, '01:43:33.77', 15),
(6, 35, 4, '01:43:36.57', 12),
(1, 35, 5, '01:43:42.18', 10),
(28, 35, 6, '01:43:44.03', 8),
(16, 35, 7, '01:43:46.20', 6),
(26, 35, 8, '01:43:48.69', 4),
(21, 35, 9, '01:43:52.27', 2),
(48, 35, 10, '01:43:55.98', 1),
(3, 35, 11, '01:44:01.60', 0),
(46, 35, 12, '01:44:05.73', 0),
(38, 35, 13, '01:44:11.30', 0),
(60, 35, 14, '01:44:17.71', 0),
(15, 35, 15, '01:44:19.92', 0),
(2, 35, 16, '01:44:23.67', 0),
(73, 35, 17, '01:44:26.29', 0),
(10, 35, 18, '01:44:27.49', 0),
(17, 35, 19, '01:44:33.13', 0),
(65, 35, 20, '01:44:36.07', 0),
(27, 35, 21, '01:44:39.03', 0),
(55, 35, 22, '01:44:44.82', 0),
(49, 36, 1, '01:23:44.61', 25),
(11, 36, 2, '01:23:46.38', 18),
(75, 36, 3, '01:23:51.19', 15),
(54, 36, 4, '01:23:53.73', 12),
(1, 36, 5, '01:23:59.19', 10),
(5, 36, 6, '01:24:02.82', 8),
(31, 36, 7, '01:24:09.10', 6),
(16, 36, 8, '01:24:12.67', 4),
(20, 36, 9, '01:24:18.21', 2),
(73, 36, 10, '01:24:22.66', 1),
(23, 36, 11, '01:24:25.52', 0),
(44, 36, 12, '01:24:32.15', 0),
(15, 36, 13, '01:24:36.43', 0),
(37, 36, 14, '01:24:39.15', 0),
(36, 36, 15, '01:24:46.10', 0),
(13, 36, 16, '01:24:48.08', 0),
(42, 36, 17, '01:24:54.00', 0),
(71, 36, 18, '01:24:55.89', 0),
(47, 36, 19, '01:24:57.79', 0),
(52, 36, 20, '01:25:02.75', 0),
(8, 36, 21, '01:25:06.65', 0),
(45, 36, 22, '01:25:09.02', 0),
(40, 37, 1, '01:32:01.26', 25),
(18, 37, 2, '01:32:02.65', 18),
(14, 37, 3, '01:32:05.42', 15),
(67, 37, 4, '01:32:10.99', 12),
(65, 37, 5, '01:32:17.89', 10),
(15, 37, 6, '01:32:19.39', 8),
(55, 37, 7, '01:32:22.96', 6),
(48, 37, 8, '01:32:24.07', 4),
(37, 37, 9, '01:32:30.79', 2),
(9, 37, 10, '01:32:33.48', 1),
(73, 37, 11, '01:32:37.90', 0),
(71, 37, 12, '01:32:39.00', 0),
(11, 37, 13, '01:32:43.43', 0),
(33, 37, 14, '01:32:48.70', 0),
(74, 37, 15, '01:32:53.46', 0),
(60, 37, 16, '01:32:57.82', 0),
(42, 37, 17, '01:33:00.40', 0),
(29, 37, 18, '01:33:04.64', 0),
(58, 37, 19, '01:33:10.14', 0),
(27, 37, 20, '01:33:16.87', 0),
(8, 37, 21, '01:33:20.77', 0),
(23, 37, 22, '01:33:27.66', 0),
(68, 38, 1, '01:38:07.04', 25),
(18, 38, 2, '01:38:12.83', 18),
(46, 38, 3, '01:38:16.46', 15),
(61, 38, 4, '01:38:17.56', 12),
(2, 38, 5, '01:38:24.26', 10),
(34, 38, 6, '01:38:29.23', 8),
(31, 38, 7, '01:38:31.83', 6),
(54, 38, 8, '01:38:34.49', 4),
(22, 38, 9, '01:38:41.07', 2),
(37, 38, 10, '01:38:42.67', 1),
(56, 38, 11, '01:38:46.38', 0),
(42, 38, 12, '01:38:51.37', 0),
(40, 38, 13, '01:38:56.16', 0),
(53, 38, 14, '01:39:02.10', 0),
(41, 38, 15, '01:39:08.77', 0),
(52, 38, 16, '01:39:15.48', 0),
(5, 38, 17, '01:39:22.05', 0),
(8, 38, 18, '01:39:28.97', 0),
(63, 38, 19, '01:39:34.49', 0),
(12, 38, 20, '01:39:40.63', 0),
(20, 38, 21, '01:39:47.39', 0),
(36, 38, 22, '01:39:48.71', 0),
(36, 39, 1, '01:33:02.05', 25),
(11, 39, 2, '01:33:07.89', 18),
(5, 39, 3, '01:33:12.38', 15),
(65, 39, 4, '01:33:16.76', 12),
(66, 39, 5, '01:33:20.76', 10),
(4, 39, 6, '01:33:24.88', 8),
(43, 39, 7, '01:33:28.58', 6),
(64, 39, 8, '01:33:32.19', 4),
(49, 39, 9, '01:33:38.81', 2),
(17, 39, 10, '01:33:45.49', 1),
(21, 39, 11, '01:33:51.98', 0),
(75, 39, 12, '01:33:54.29', 0),
(39, 39, 13, '01:33:56.01', 0),
(16, 39, 14, '01:33:58.56', 0),
(62, 39, 15, '01:34:01.95', 0),
(14, 39, 16, '01:34:03.73', 0),
(9, 39, 17, '01:34:05.27', 0),
(8, 39, 18, '01:34:10.44', 0),
(27, 39, 19, '01:34:15.69', 0),
(1, 39, 20, '01:34:19.39', 0),
(37, 39, 21, '01:34:22.79', 0),
(15, 39, 22, '01:34:29.56', 0),
(70, 40, 1, '01:59:07.57', 25),
(8, 40, 2, '01:59:09.97', 18),
(10, 40, 3, '01:59:11.76', 15),
(7, 40, 4, '01:59:16.45', 12),
(52, 40, 5, '01:59:22.65', 10),
(63, 40, 6, '01:59:27.57', 8),
(69, 40, 7, '01:59:32.09', 6),
(24, 40, 8, '01:59:38.79', 4),
(41, 40, 9, '01:59:43.14', 2),
(67, 40, 10, '01:59:48.24', 1),
(47, 40, 11, '01:59:51.34', 0),
(42, 40, 12, '01:59:55.95', 0),
(27, 40, 13, '01:59:59.15', 0),
(55, 40, 14, '02:00:05.75', 0),
(75, 40, 15, '02:00:12.21', 0),
(28, 40, 16, '02:00:15.17', 0),
(25, 40, 17, '02:00:21.02', 0),
(20, 40, 18, '02:00:22.21', 0),
(2, 40, 19, '02:00:28.46', 0),
(72, 40, 20, '02:00:34.16', 0),
(15, 40, 21, '02:00:36.42', 0),
(11, 40, 22, '02:00:40.04', 0),
(60, 41, 1, '01:31:58.47', 25),
(6, 41, 2, '01:32:04.27', 18),
(49, 41, 3, '01:32:10.98', 15),
(14, 41, 4, '01:32:13.44', 12),
(37, 41, 5, '01:32:16.75', 10),
(11, 41, 6, '01:32:22.32', 8),
(16, 41, 7, '01:32:29.03', 6),
(70, 41, 8, '01:32:35.93', 4),
(57, 41, 9, '01:32:39.34', 2),
(53, 41, 10, '01:32:41.19', 1),
(3, 41, 11, '01:32:46.76', 0),
(55, 41, 12, '01:32:53.61', 0),
(10, 41, 13, '01:32:54.82', 0),
(5, 41, 14, '01:32:56.67', 0),
(52, 41, 15, '01:33:01.26', 0),
(20, 41, 16, '01:33:03.36', 0),
(32, 41, 17, '01:33:09.07', 0),
(21, 41, 18, '01:33:13.29', 0),
(46, 41, 19, '01:33:15.79', 0),
(4, 41, 20, '01:33:17.06', 0),
(31, 41, 21, '01:33:23.21', 0),
(26, 41, 22, '01:33:29.46', 0),
(11, 42, 1, '01:31:04.14', 25),
(40, 42, 2, '01:31:05.59', 18),
(37, 42, 3, '01:31:10.88', 15),
(43, 42, 4, '01:31:12.30', 12),
(64, 42, 5, '01:31:14.62', 10),
(2, 42, 6, '01:31:16.15', 8),
(3, 42, 7, '01:31:21.14', 6),
(36, 42, 8, '01:31:25.24', 4),
(6, 42, 9, '01:31:29.77', 2),
(26, 42, 10, '01:31:31.17', 1),
(4, 42, 11, '01:31:33.32', 0),
(72, 42, 12, '01:31:39.27', 0),
(52, 42, 13, '01:31:45.46', 0),
(51, 42, 14, '01:31:50.11', 0),
(69, 42, 15, '01:31:52.54', 0),
(13, 42, 16, '01:31:55.27', 0),
(17, 42, 17, '01:32:00.52', 0),
(32, 42, 18, '01:32:06.62', 0),
(25, 42, 19, '01:32:12.76', 0),
(58, 42, 20, '01:32:19.15', 0),
(59, 42, 21, '01:32:22.10', 0),
(60, 42, 22, '01:32:23.95', 0),
(53, 43, 1, '01:55:25.18', 25),
(71, 43, 2, '01:55:29.14', 18),
(67, 43, 3, '01:55:35.50', 15),
(55, 43, 4, '01:55:36.63', 12),
(75, 43, 5, '01:55:37.83', 10),
(45, 43, 6, '01:55:43.18', 8),
(52, 43, 7, '01:55:49.74', 6),
(30, 43, 8, '01:55:54.26', 4),
(29, 43, 9, '01:55:55.70', 2),
(23, 43, 10, '01:56:00.87', 1),
(20, 43, 11, '01:56:04.47', 0),
(10, 43, 12, '01:56:05.80', 0),
(34, 43, 13, '01:56:11.10', 0),
(60, 43, 14, '01:56:15.31', 0),
(40, 43, 15, '01:56:21.67', 0),
(28, 43, 16, '01:56:28.22', 0),
(2, 43, 17, '01:56:34.63', 0),
(15, 43, 18, '01:56:40.44', 0),
(74, 43, 19, '01:56:41.59', 0),
(25, 43, 20, '01:56:46.81', 0),
(50, 43, 21, '01:56:50.52', 0),
(41, 43, 22, '01:56:53.62', 0),
(15, 44, 1, '01:22:37.94', 25),
(45, 44, 2, '01:22:41.57', 18),
(7, 44, 3, '01:22:47.05', 15),
(63, 44, 4, '01:22:49.92', 12),
(10, 44, 5, '01:22:52.27', 10),
(49, 44, 6, '01:22:57.58', 8),
(40, 44, 7, '01:22:59.85', 6),
(39, 44, 8, '01:23:01.99', 4),
(1, 44, 9, '01:23:05.99', 2),
(33, 44, 10, '01:23:11.28', 1),
(67, 44, 11, '01:23:16.98', 0),
(27, 44, 12, '01:23:18.81', 0),
(22, 44, 13, '01:23:20.32', 0),
(53, 44, 14, '01:23:25.00', 0),
(35, 44, 15, '01:23:27.81', 0),
(12, 44, 16, '01:23:31.79', 0),
(65, 44, 17, '01:23:35.25', 0),
(41, 44, 18, '01:23:38.77', 0),
(75, 44, 19, '01:23:43.31', 0),
(19, 44, 20, '01:23:47.70', 0),
(34, 44, 21, '01:23:48.82', 0),
(52, 44, 22, '01:23:51.03', 0),
(8, 45, 1, '01:51:38.34', 25),
(61, 45, 2, '01:51:43.47', 18),
(71, 45, 3, '01:51:46.57', 15),
(43, 45, 4, '01:51:48.56', 12),
(5, 45, 5, '01:51:53.66', 10),
(7, 45, 6, '01:51:58.18', 8),
(53, 45, 7, '01:51:59.72', 6),
(4, 45, 8, '01:52:02.62', 4),
(45, 45, 9, '01:52:06.24', 2),
(30, 45, 10, '01:52:10.14', 1),
(11, 45, 11, '01:52:11.74', 0),
(51, 45, 12, '01:52:15.84', 0),
(62, 45, 13, '01:52:21.23', 0),
(64, 45, 14, '01:52:24.65', 0),
(1, 45, 15, '01:52:28.75', 0),
(25, 45, 16, '01:52:30.56', 0),
(54, 45, 17, '01:52:34.06', 0),
(21, 45, 18, '01:52:40.81', 0),
(67, 45, 19, '01:52:43.11', 0),
(41, 45, 20, '01:52:46.61', 0),
(3, 45, 21, '01:52:48.93', 0),
(58, 45, 22, '01:52:53.41', 0),
(37, 46, 1, '01:53:13.14', 25),
(57, 46, 2, '01:53:19.66', 18),
(71, 46, 3, '01:53:25.32', 15),
(38, 46, 4, '01:53:29.84', 12),
(7, 46, 5, '01:53:33.35', 10),
(8, 46, 6, '01:53:35.63', 8),
(19, 46, 7, '01:53:37.82', 6),
(26, 46, 8, '01:53:39.49', 4),
(14, 46, 9, '01:53:45.03', 2),
(66, 46, 10, '01:53:46.31', 1),
(23, 46, 11, '01:53:51.29', 0),
(63, 46, 12, '01:53:58.25', 0),
(32, 46, 13, '01:54:04.39', 0),
(5, 46, 14, '01:54:11.38', 0),
(13, 46, 15, '01:54:15.11', 0),
(15, 46, 16, '01:54:16.87', 0),
(73, 46, 17, '01:54:21.84', 0),
(33, 46, 18, '01:54:23.73', 0),
(74, 46, 19, '01:54:28.43', 0),
(16, 46, 20, '01:54:34.82', 0),
(41, 46, 21, '01:54:40.20', 0),
(9, 46, 22, '01:54:41.52', 0),
(75, 47, 1, '01:20:33.94', 25),
(30, 47, 2, '01:20:36.04', 18),
(13, 47, 3, '01:20:42.33', 15),
(42, 47, 4, '01:20:46.00', 12),
(33, 47, 5, '01:20:47.87', 10),
(25, 47, 6, '01:20:52.57', 8),
(37, 47, 7, '01:20:55.97', 6),
(18, 47, 8, '01:20:57.49', 4),
(1, 47, 9, '01:20:59.38', 2),
(59, 47, 10, '01:21:04.82', 1),
(47, 47, 11, '01:21:07.74', 0),
(22, 47, 12, '01:21:13.84', 0),
(32, 47, 13, '01:21:17.84', 0),
(12, 47, 14, '01:21:22.24', 0),
(24, 47, 15, '01:21:29.05', 0),
(63, 47, 16, '01:21:30.45', 0),
(26, 47, 17, '01:21:34.01', 0),
(17, 47, 18, '01:21:40.71', 0),
(60, 47, 19, '01:21:47.68', 0),
(72, 47, 20, '01:21:51.28', 0),
(49, 47, 21, '01:21:52.46', 0),
(38, 47, 22, '01:21:55.22', 0),
(31, 48, 1, '01:27:13.27', 25),
(62, 48, 2, '01:27:18.17', 18),
(5, 48, 3, '01:27:20.45', 15),
(28, 48, 4, '01:27:22.10', 12),
(63, 48, 5, '01:27:24.91', 10),
(21, 48, 6, '01:27:27.65', 8),
(51, 48, 7, '01:27:29.77', 6),
(72, 48, 8, '01:27:33.09', 4),
(47, 48, 9, '01:27:35.90', 2),
(40, 48, 10, '01:27:41.26', 1),
(29, 48, 11, '01:27:44.17', 0),
(22, 48, 12, '01:27:46.09', 0),
(19, 48, 13, '01:27:50.55', 0),
(42, 48, 14, '01:27:55.76', 0),
(33, 48, 15, '01:27:59.99', 0),
(7, 48, 16, '01:28:03.62', 0),
(44, 48, 17, '01:28:07.94', 0),
(1, 48, 18, '01:28:12.77', 0),
(17, 48, 19, '01:28:18.07', 0),
(4, 48, 20, '01:28:22.47', 0),
(12, 48, 21, '01:28:29.44', 0),
(54, 48, 22, '01:28:35.71', 0),
(51, 49, 1, '01:53:10.99', 25),
(68, 49, 2, '01:53:15.26', 18),
(36, 49, 3, '01:53:21.72', 15),
(52, 49, 4, '01:53:28.11', 12),
(2, 49, 5, '01:53:30.32', 10),
(47, 49, 6, '01:53:34.15', 8),
(22, 49, 7, '01:53:39.28', 6),
(3, 49, 8, '01:53:45.28', 4),
(34, 49, 9, '01:53:48.88', 2),
(29, 49, 10, '01:53:51.38', 1),
(71, 49, 11, '01:53:56.73', 0),
(42, 49, 12, '01:54:03.24', 0),
(56, 49, 13, '01:54:04.70', 0),
(10, 49, 14, '01:54:07.50', 0),
(46, 49, 15, '01:54:09.38', 0),
(67, 49, 16, '01:54:12.66', 0),
(27, 49, 17, '01:54:14.07', 0),
(39, 49, 18, '01:54:16.98', 0),
(62, 49, 19, '01:54:22.51', 0),
(11, 49, 20, '01:54:27.69', 0),
(13, 49, 21, '01:54:29.94', 0),
(25, 49, 22, '01:54:34.10', 0),
(17, 50, 1, '01:56:58.96', 25),
(70, 50, 2, '01:57:03.82', 18),
(63, 50, 3, '01:57:10.80', 15),
(74, 50, 4, '01:57:12.32', 12),
(35, 50, 5, '01:57:16.42', 10),
(49, 50, 6, '01:57:18.76', 8),
(11, 50, 7, '01:57:25.05', 6),
(53, 50, 8, '01:57:26.55', 4),
(57, 50, 9, '01:57:32.39', 2),
(69, 50, 10, '01:57:37.91', 1),
(19, 50, 11, '01:57:44.57', 0),
(71, 50, 12, '01:57:46.27', 0),
(46, 50, 13, '01:57:49.91', 0),
(15, 50, 14, '01:57:54.12', 0),
(2, 50, 15, '01:58:01.05', 0),
(3, 50, 16, '01:58:04.22', 0),
(40, 50, 17, '01:58:08.98', 0),
(67, 50, 18, '01:58:11.17', 0),
(43, 50, 19, '01:58:14.02', 0),
(39, 50, 20, '01:58:20.66', 0),
(27, 50, 21, '01:58:23.84', 0),
(58, 50, 22, '01:58:26.81', 0),
(67, 51, 1, '01:43:39.58', 25),
(14, 51, 2, '01:43:45.75', 18),
(71, 51, 3, '01:43:49.95', 15),
(33, 51, 4, '01:43:51.88', 12),
(65, 51, 5, '01:43:54.99', 10),
(52, 51, 6, '01:44:00.74', 8),
(22, 51, 7, '01:44:07.02', 6),
(38, 51, 8, '01:44:10.13', 4),
(18, 51, 9, '01:44:15.79', 2),
(62, 51, 10, '01:44:22.13', 1),
(32, 51, 11, '01:44:27.61', 0),
(20, 51, 12, '01:44:29.46', 0),
(9, 51, 13, '01:44:34.78', 0),
(43, 51, 14, '01:44:41.44', 0),
(51, 51, 15, '01:44:47.44', 0),
(66, 51, 16, '01:44:52.97', 0),
(72, 51, 17, '01:44:54.33', 0),
(56, 51, 18, '01:44:56.20', 0),
(21, 51, 19, '01:45:02.17', 0),
(10, 51, 20, '01:45:08.47', 0),
(11, 51, 21, '01:45:11.35', 0),
(49, 51, 22, '01:45:15.96', 0),
(45, 52, 1, '01:39:13.97', 25),
(15, 52, 2, '01:39:17.80', 18),
(37, 52, 3, '01:39:23.03', 15),
(75, 52, 4, '01:39:24.71', 12),
(18, 52, 5, '01:39:31.22', 10),
(59, 52, 6, '01:39:37.54', 8),
(3, 52, 7, '01:39:43.40', 6),
(9, 52, 8, '01:39:49.27', 4),
(36, 52, 9, '01:39:55.83', 2),
(12, 52, 10, '01:40:01.39', 1),
(29, 52, 11, '01:40:07.20', 0),
(47, 52, 12, '01:40:08.80', 0),
(6, 52, 13, '01:40:11.63', 0),
(33, 52, 14, '01:40:17.34', 0),
(70, 52, 15, '01:40:20.57', 0),
(61, 52, 16, '01:40:26.38', 0),
(34, 52, 17, '01:40:30.93', 0),
(41, 52, 18, '01:40:32.70', 0),
(71, 52, 19, '01:40:39.19', 0),
(39, 52, 20, '01:40:43.73', 0),
(25, 52, 21, '01:40:47.60', 0),
(69, 52, 22, '01:40:50.89', 0),
(65, 53, 1, '01:34:41.92', 25),
(33, 53, 2, '01:34:46.69', 18),
(67, 53, 3, '01:34:52.25', 15),
(1, 53, 4, '01:34:56.71', 12),
(75, 53, 5, '01:35:03.25', 10),
(54, 53, 6, '01:35:06.44', 8),
(3, 53, 7, '01:35:09.60', 6),
(37, 53, 8, '01:35:13.74', 4),
(10, 53, 9, '01:35:16.30', 2),
(4, 53, 10, '01:35:19.78', 1),
(17, 53, 11, '01:35:26.69', 0),
(63, 53, 12, '01:35:33.23', 0),
(31, 53, 13, '01:35:36.34', 0),
(41, 53, 14, '01:35:41.52', 0),
(40, 53, 15, '01:35:45.80', 0),
(18, 53, 16, '01:35:51.39', 0),
(69, 53, 17, '01:35:57.08', 0),
(48, 53, 18, '01:36:00.32', 0),
(29, 53, 19, '01:36:06.02', 0),
(52, 53, 20, '01:36:10.78', 0),
(23, 53, 21, '01:36:16.23', 0),
(42, 53, 22, '01:36:21.18', 0),
(75, 54, 1, '01:48:48.05', 25),
(24, 54, 2, '01:48:53.19', 18),
(11, 54, 3, '01:48:56.49', 15),
(69, 54, 4, '01:49:01.96', 12),
(52, 54, 5, '01:49:04.85', 10),
(33, 54, 6, '01:49:08.81', 8),
(57, 54, 7, '01:49:12.70', 6),
(72, 54, 8, '01:49:18.60', 4),
(12, 54, 9, '01:49:22.40', 2),
(7, 54, 10, '01:49:28.79', 1),
(17, 54, 11, '01:49:35.01', 0),
(36, 54, 12, '01:49:38.87', 0),
(67, 54, 13, '01:49:40.47', 0),
(38, 54, 14, '01:49:44.95', 0),
(41, 54, 15, '01:49:48.71', 0),
(29, 54, 16, '01:49:53.53', 0),
(28, 54, 17, '01:49:55.46', 0),
(6, 54, 18, '01:49:57.30', 0),
(39, 54, 19, '01:50:04.03', 0),
(47, 54, 20, '01:50:08.90', 0),
(25, 54, 21, '01:50:12.85', 0),
(60, 54, 22, '01:50:13.98', 0),
(55, 55, 1, '01:26:28.78', 25),
(42, 55, 2, '01:26:30.98', 18),
(33, 55, 3, '01:26:33.21', 15),
(30, 55, 4, '01:26:34.70', 12),
(28, 55, 5, '01:26:38.17', 10),
(71, 55, 6, '01:26:43.85', 8),
(66, 55, 7, '01:26:46.80', 6),
(59, 55, 8, '01:26:52.93', 4),
(57, 55, 9, '01:26:56.03', 2),
(68, 55, 10, '01:27:01.64', 1),
(47, 55, 11, '01:27:03.08', 0),
(75, 55, 12, '01:27:04.67', 0),
(19, 55, 13, '01:27:09.34', 0),
(10, 55, 14, '01:27:12.14', 0),
(50, 55, 15, '01:27:15.92', 0),
(63, 55, 16, '01:27:21.48', 0),
(9, 55, 17, '01:27:27.33', 0),
(56, 55, 18, '01:27:29.62', 0),
(72, 55, 19, '01:27:34.89', 0),
(8, 55, 20, '01:27:37.75', 0),
(12, 55, 21, '01:27:43.47', 0),
(29, 55, 22, '01:27:47.43', 0),
(33, 56, 1, '01:38:07.35', 25),
(49, 56, 2, '01:38:10.07', 18),
(55, 56, 3, '01:38:16.90', 15),
(42, 56, 4, '01:38:20.22', 12),
(12, 56, 5, '01:38:26.48', 10),
(19, 56, 6, '01:38:27.71', 8),
(60, 56, 7, '01:38:31.11', 6),
(29, 56, 8, '01:38:34.31', 4),
(69, 56, 9, '01:38:39.26', 2),
(39, 56, 10, '01:38:42.40', 1),
(25, 56, 11, '01:38:47.35', 0),
(8, 56, 12, '01:38:52.72', 0),
(27, 56, 13, '01:38:59.55', 0),
(66, 56, 14, '01:39:02.00', 0),
(38, 56, 15, '01:39:03.88', 0),
(54, 56, 16, '01:39:10.74', 0),
(23, 56, 17, '01:39:13.91', 0),
(31, 56, 18, '01:39:18.88', 0),
(48, 56, 19, '01:39:23.06', 0),
(62, 56, 20, '01:39:25.83', 0),
(74, 56, 21, '01:39:32.23', 0),
(63, 56, 22, '01:39:39.04', 0),
(19, 57, 1, '01:30:15.79', 25),
(6, 57, 2, '01:30:21.39', 18),
(15, 57, 3, '01:30:25.32', 15),
(42, 57, 4, '01:30:30.30', 12),
(31, 57, 5, '01:30:34.70', 10),
(48, 57, 6, '01:30:41.50', 8),
(26, 57, 7, '01:30:45.80', 6),
(35, 57, 8, '01:30:49.51', 4),
(47, 57, 9, '01:30:51.77', 2),
(10, 57, 10, '01:30:58.15', 1),
(34, 57, 11, '01:30:59.95', 0),
(40, 57, 12, '01:31:02.64', 0),
(70, 57, 13, '01:31:05.88', 0),
(60, 57, 14, '01:31:07.11', 0),
(12, 57, 15, '01:31:10.27', 0),
(75, 57, 16, '01:31:12.90', 0),
(44, 57, 17, '01:31:18.19', 0),
(3, 57, 18, '01:31:19.65', 0),
(71, 57, 19, '01:31:23.46', 0),
(28, 57, 20, '01:31:26.13', 0),
(25, 57, 21, '01:31:27.42', 0),
(20, 57, 22, '01:31:29.58', 0),
(60, 58, 1, '01:30:40.52', 25),
(3, 58, 2, '01:30:43.29', 18),
(16, 58, 3, '01:30:45.61', 15),
(57, 58, 4, '01:30:52.25', 12),
(40, 58, 5, '01:30:54.65', 10),
(8, 58, 6, '01:30:55.89', 8),
(14, 58, 7, '01:30:59.86', 6),
(12, 58, 8, '01:31:04.56', 4),
(7, 58, 9, '01:31:09.14', 2),
(19, 58, 10, '01:31:13.93', 1),
(17, 58, 11, '01:31:18.26', 0),
(74, 58, 12, '01:31:20.36', 0),
(15, 58, 13, '01:31:24.02', 0),
(75, 58, 14, '01:31:30.41', 0),
(68, 58, 15, '01:31:33.16', 0),
(64, 58, 16, '01:31:36.52', 0),
(25, 58, 17, '01:31:37.65', 0),
(50, 58, 18, '01:31:42.93', 0),
(53, 58, 19, '01:31:45.52', 0),
(23, 58, 20, '01:31:49.14', 0),
(24, 58, 21, '01:31:54.56', 0),
(71, 58, 22, '01:31:56.36', 0),
(69, 59, 1, '01:45:32.40', 25),
(28, 59, 2, '01:45:35.70', 18),
(14, 59, 3, '01:45:40.07', 15),
(34, 59, 4, '01:45:41.28', 12),
(2, 59, 5, '01:45:42.79', 10),
(68, 59, 6, '01:45:49.66', 8),
(62, 59, 7, '01:45:55.04', 6),
(7, 59, 8, '01:46:00.61', 4),
(45, 59, 9, '01:46:03.13', 2),
(9, 59, 10, '01:46:09.66', 1),
(60, 59, 11, '01:46:11.83', 0),
(53, 59, 12, '01:46:14.58', 0),
(72, 59, 13, '01:46:18.74', 0),
(15, 59, 14, '01:46:20.34', 0),
(41, 59, 15, '01:46:23.57', 0),
(20, 59, 16, '01:46:29.10', 0),
(40, 59, 17, '01:46:33.80', 0),
(37, 59, 18, '01:46:40.35', 0),
(29, 59, 19, '01:46:41.54', 0),
(59, 59, 20, '01:46:48.40', 0),
(43, 59, 21, '01:46:51.20', 0),
(73, 59, 22, '01:46:53.84', 0),
(30, 60, 1, '01:51:38.13', 25),
(65, 60, 2, '01:51:43.01', 18),
(28, 60, 3, '01:51:44.92', 15),
(32, 60, 4, '01:51:50.32', 12),
(71, 60, 5, '01:51:51.81', 10),
(33, 60, 6, '01:51:54.21', 8),
(34, 60, 7, '01:51:56.76', 6),
(11, 60, 8, '01:52:02.53', 4),
(26, 60, 9, '01:52:08.66', 2),
(29, 60, 10, '01:52:12.12', 1),
(42, 60, 11, '01:52:17.48', 0),
(70, 60, 12, '01:52:22.92', 0),
(50, 60, 13, '01:52:24.13', 0),
(51, 60, 14, '01:52:28.26', 0),
(41, 60, 15, '01:52:33.68', 0),
(14, 60, 16, '01:52:37.88', 0),
(7, 60, 17, '01:52:44.09', 0),
(12, 60, 18, '01:52:48.89', 0),
(24, 60, 19, '01:52:51.73', 0),
(3, 60, 20, '01:52:57.83', 0),
(21, 60, 21, '01:53:00.17', 0),
(68, 60, 22, '01:53:06.46', 0),
(53, 61, 1, '01:21:42.79', 25),
(43, 61, 2, '01:21:45.01', 18),
(15, 61, 3, '01:21:46.50', 15),
(59, 61, 4, '01:21:53.15', 12),
(38, 61, 5, '01:21:58.67', 10),
(19, 61, 6, '01:22:02.11', 8),
(46, 61, 7, '01:22:08.32', 6),
(11, 61, 8, '01:22:13.05', 4),
(48, 61, 9, '01:22:19.63', 2),
(18, 61, 10, '01:22:23.83', 1),
(57, 61, 11, '01:22:29.40', 0),
(49, 61, 12, '01:22:31.54', 0),
(10, 61, 13, '01:22:33.83', 0),
(16, 61, 14, '01:22:39.12', 0),
(39, 61, 15, '01:22:45.76', 0),
(69, 61, 16, '01:22:47.75', 0),
(56, 61, 17, '01:22:51.31', 0),
(3, 61, 18, '01:22:58.01', 0),
(64, 61, 19, '01:23:03.24', 0),
(41, 61, 20, '01:23:07.56', 0),
(72, 61, 21, '01:23:12.26', 0),
(63, 61, 22, '01:23:14.04', 0),
(5, 62, 1, '01:57:24.83', 25),
(67, 62, 2, '01:57:27.01', 18),
(61, 62, 3, '01:57:31.93', 15),
(39, 62, 4, '01:57:37.52', 12),
(52, 62, 5, '01:57:40.74', 10),
(60, 62, 6, '01:57:45.59', 8),
(41, 62, 7, '01:57:47.00', 6),
(9, 62, 8, '01:57:49.10', 4),
(50, 62, 9, '01:57:55.07', 2),
(4, 62, 10, '01:57:56.25', 1),
(34, 62, 11, '01:58:02.96', 0),
(24, 62, 12, '01:58:05.24', 0),
(59, 62, 13, '01:58:08.96', 0),
(14, 62, 14, '01:58:14.33', 0),
(69, 62, 15, '01:58:19.57', 0),
(20, 62, 16, '01:58:22.03', 0),
(3, 62, 17, '01:58:28.84', 0),
(73, 62, 18, '01:58:33.53', 0),
(74, 62, 19, '01:58:37.89', 0),
(68, 62, 20, '01:58:44.63', 0),
(35, 62, 21, '01:58:51.09', 0),
(21, 62, 22, '01:58:55.95', 0),
(25, 63, 1, '01:28:50.90', 25),
(9, 63, 2, '01:28:54.37', 18),
(24, 63, 3, '01:28:56.90', 15),
(44, 63, 4, '01:29:01.57', 12),
(17, 63, 5, '01:29:04.00', 10),
(73, 63, 6, '01:29:06.10', 8),
(64, 63, 7, '01:29:12.99', 6),
(67, 63, 8, '01:29:19.39', 4),
(30, 63, 9, '01:29:25.49', 2),
(7, 63, 10, '01:29:32.17', 1),
(47, 63, 11, '01:29:34.77', 0),
(46, 63, 12, '01:29:36.07', 0),
(41, 63, 13, '01:29:38.27', 0),
(11, 63, 14, '01:29:44.43', 0),
(34, 63, 15, '01:29:46.26', 0),
(5, 63, 16, '01:29:49.81', 0),
(15, 63, 17, '01:29:53.62', 0),
(12, 63, 18, '01:29:55.87', 0),
(74, 63, 19, '01:29:59.77', 0),
(10, 63, 20, '01:30:04.33', 0),
(6, 63, 21, '01:30:07.31', 0),
(45, 63, 22, '01:30:10.65', 0),
(43, 64, 1, '01:41:13.80', 25),
(29, 64, 2, '01:41:20.50', 18),
(27, 64, 3, '01:41:26.22', 15),
(33, 64, 4, '01:41:29.63', 12),
(65, 64, 5, '01:41:32.78', 10),
(17, 64, 6, '01:41:37.09', 8),
(41, 64, 7, '01:41:42.75', 6),
(14, 64, 8, '01:41:49.29', 4),
(25, 64, 9, '01:41:54.88', 2),
(34, 64, 10, '01:42:01.52', 1),
(55, 64, 11, '01:42:06.67', 0),
(8, 64, 12, '01:42:12.37', 0),
(26, 64, 13, '01:42:16.79', 0),
(61, 64, 14, '01:42:19.72', 0),
(30, 64, 15, '01:42:22.56', 0),
(73, 64, 16, '01:42:29.36', 0),
(40, 64, 17, '01:42:34.10', 0),
(62, 64, 18, '01:42:40.57', 0),
(70, 64, 19, '01:42:44.87', 0),
(11, 64, 20, '01:42:46.31', 0),
(71, 64, 21, '01:42:52.91', 0),
(1, 64, 22, '01:42:58.52', 0),
(46, 65, 1, '01:21:17.21', 25),
(67, 65, 2, '01:21:20.61', 18),
(40, 65, 3, '01:21:22.96', 15),
(18, 65, 4, '01:21:29.53', 12),
(45, 65, 5, '01:21:33.36', 10),
(37, 65, 6, '01:21:34.92', 8),
(14, 65, 7, '01:21:40.82', 6),
(69, 65, 8, '01:21:42.78', 4),
(29, 65, 9, '01:21:44.36', 2),
(26, 65, 10, '01:21:46.86', 1),
(60, 65, 11, '01:21:52.36', 0),
(75, 65, 12, '01:21:57.21', 0),
(32, 65, 13, '01:22:01.38', 0),
(70, 65, 14, '01:22:07.18', 0),
(22, 65, 15, '01:22:13.15', 0),
(1, 65, 16, '01:22:19.98', 0),
(53, 65, 17, '01:22:24.56', 0),
(5, 65, 18, '01:22:27.41', 0),
(24, 65, 19, '01:22:29.88', 0),
(48, 65, 20, '01:22:34.28', 0),
(12, 65, 21, '01:22:37.73', 0),
(57, 65, 22, '01:22:44.69', 0),
(33, 66, 1, '01:59:25.15', 25),
(31, 66, 2, '01:59:26.95', 18),
(61, 66, 3, '01:59:29.41', 15),
(38, 66, 4, '01:59:35.91', 12),
(8, 66, 5, '01:59:38.51', 10),
(22, 66, 6, '01:59:41.27', 8),
(9, 66, 7, '01:59:42.86', 6),
(52, 66, 8, '01:59:45.62', 4),
(39, 66, 9, '01:59:47.81', 2),
(58, 66, 10, '01:59:52.80', 1),
(24, 66, 11, '01:59:54.10', 0),
(53, 66, 12, '01:59:58.88', 0),
(45, 66, 13, '02:00:01.28', 0),
(27, 66, 14, '02:00:03.58', 0),
(69, 66, 15, '02:00:04.72', 0),
(73, 66, 16, '02:00:11.48', 0),
(49, 66, 17, '02:00:14.71', 0),
(13, 66, 18, '02:00:20.37', 0),
(72, 66, 19, '02:00:22.54', 0),
(74, 66, 20, '02:00:28.79', 0),
(60, 66, 21, '02:00:33.89', 0),
(3, 66, 22, '02:00:38.57', 0),
(7, 67, 1, '01:25:33.12', 25),
(33, 67, 2, '01:25:37.27', 18),
(24, 67, 3, '01:25:40.19', 15),
(54, 67, 4, '01:25:41.50', 12),
(53, 67, 5, '01:25:47.20', 10),
(56, 67, 6, '01:25:49.43', 8),
(2, 67, 7, '01:25:55.54', 6),
(20, 67, 8, '01:26:01.26', 4),
(22, 67, 9, '01:26:03.99', 2),
(9, 67, 10, '01:26:06.15', 1),
(30, 67, 11, '01:26:12.03', 0),
(60, 67, 12, '01:26:14.89', 0),
(32, 67, 13, '01:26:18.88', 0),
(11, 67, 14, '01:26:25.08', 0),
(26, 67, 15, '01:26:28.50', 0),
(31, 67, 16, '01:26:33.47', 0),
(45, 67, 17, '01:26:40.07', 0),
(4, 67, 18, '01:26:42.78', 0),
(46, 67, 19, '01:26:46.91', 0),
(34, 67, 20, '01:26:53.58', 0),
(3, 67, 21, '01:26:54.71', 0),
(75, 67, 22, '01:26:56.13', 0),
(50, 68, 1, '01:20:45.31', 25),
(17, 68, 2, '01:20:49.98', 18),
(41, 68, 3, '01:20:54.74', 15),
(25, 68, 4, '01:21:00.46', 12),
(56, 68, 5, '01:21:06.06', 10),
(66, 68, 6, '01:21:10.79', 8),
(14, 68, 7, '01:21:13.91', 6),
(45, 68, 8, '01:21:15.22', 4),
(47, 68, 9, '01:21:19.53', 2),
(37, 68, 10, '01:21:22.72', 1),
(68, 68, 11, '01:21:28.28', 0),
(4, 68, 12, '01:21:34.18', 0),
(11, 68, 13, '01:21:40.75', 0),
(51, 68, 14, '01:21:43.48', 0),
(32, 68, 15, '01:21:49.32', 0),
(7, 68, 16, '01:21:50.77', 0),
(49, 68, 17, '01:21:55.35', 0),
(70, 68, 18, '01:21:57.25', 0),
(22, 68, 19, '01:22:03.90', 0),
(29, 68, 20, '01:22:08.83', 0),
(63, 68, 21, '01:22:12.99', 0),
(44, 68, 22, '01:22:18.30', 0),
(22, 69, 1, '01:43:53.36', 25),
(54, 69, 2, '01:43:56.82', 18),
(75, 69, 3, '01:43:58.00', 15),
(11, 69, 4, '01:44:00.53', 12),
(17, 69, 5, '01:44:06.21', 10),
(35, 69, 6, '01:44:10.47', 8),
(30, 69, 7, '01:44:16.43', 6),
(4, 69, 8, '01:44:18.75', 4),
(12, 69, 9, '01:44:20.04', 2),
(23, 69, 10, '01:44:24.65', 1),
(66, 69, 11, '01:44:27.33', 0),
(10, 69, 12, '01:44:31.03', 0),
(61, 69, 13, '01:44:37.90', 0),
(58, 69, 14, '01:44:42.15', 0),
(25, 69, 15, '01:44:43.42', 0),
(45, 69, 16, '01:44:45.15', 0),
(33, 69, 17, '01:44:52.11', 0),
(38, 69, 18, '01:44:57.26', 0),
(27, 69, 19, '01:44:58.76', 0),
(21, 69, 20, '01:45:04.16', 0),
(65, 69, 21, '01:45:07.61', 0),
(42, 69, 22, '01:45:10.72', 0),
(22, 70, 1, '01:42:30.75', 25),
(52, 70, 2, '01:42:34.41', 18),
(59, 70, 3, '01:42:37.73', 15),
(53, 70, 4, '01:42:44.45', 12),
(3, 70, 5, '01:42:49.16', 10),
(68, 70, 6, '01:42:52.64', 8),
(58, 70, 7, '01:42:54.12', 6),
(27, 70, 8, '01:42:59.25', 4),
(15, 70, 9, '01:43:00.46', 2),
(75, 70, 10, '01:43:05.22', 1),
(30, 70, 11, '01:43:08.75', 0),
(65, 70, 12, '01:43:12.86', 0),
(46, 70, 13, '01:43:15.51', 0),
(74, 70, 14, '01:43:20.83', 0),
(33, 70, 15, '01:43:21.95', 0),
(6, 70, 16, '01:43:25.55', 0),
(50, 70, 17, '01:43:29.53', 0),
(21, 70, 18, '01:43:34.43', 0),
(57, 70, 19, '01:43:36.10', 0),
(29, 70, 20, '01:43:39.77', 0),
(41, 70, 21, '01:43:44.93', 0),
(36, 70, 22, '01:43:51.41', 0),
(24, 71, 1, '01:56:14.34', 25),
(64, 71, 2, '01:56:19.54', 18),
(33, 71, 3, '01:56:25.41', 15),
(61, 71, 4, '01:56:30.70', 12),
(8, 71, 5, '01:56:33.06', 10),
(1, 71, 6, '01:56:35.86', 8),
(63, 71, 7, '01:56:37.63', 6),
(22, 71, 8, '01:56:40.53', 4),
(28, 71, 9, '01:56:43.93', 2),
(19, 71, 10, '01:56:50.71', 1),
(51, 71, 11, '01:56:54.99', 0),
(60, 71, 12, '01:57:01.61', 0),
(20, 71, 13, '01:57:08.41', 0),
(54, 71, 14, '01:57:12.99', 0),
(12, 71, 15, '01:57:18.83', 0),
(31, 71, 16, '01:57:24.40', 0),
(43, 71, 17, '01:57:25.92', 0),
(4, 71, 18, '01:57:31.72', 0),
(21, 71, 19, '01:57:33.92', 0),
(9, 71, 20, '01:57:37.18', 0),
(6, 71, 21, '01:57:41.08', 0),
(50, 71, 22, '01:57:44.29', 0),
(73, 72, 1, '01:39:51.96', 25),
(16, 72, 2, '01:39:54.64', 18),
(19, 72, 3, '01:39:57.06', 15),
(72, 72, 4, '01:40:00.59', 12),
(32, 72, 5, '01:40:03.70', 10),
(29, 72, 6, '01:40:07.01', 8),
(34, 72, 7, '01:40:12.18', 6),
(38, 72, 8, '01:40:18.01', 4),
(25, 72, 9, '01:40:20.32', 2),
(75, 72, 10, '01:40:27.12', 1),
(47, 72, 11, '01:40:30.40', 0),
(57, 72, 12, '01:40:37.17', 0),
(35, 72, 13, '01:40:40.28', 0),
(30, 72, 14, '01:40:42.82', 0),
(66, 72, 15, '01:40:49.70', 0),
(42, 72, 16, '01:40:54.81', 0),
(68, 72, 17, '01:40:56.94', 0),
(65, 72, 18, '01:41:02.80', 0),
(24, 72, 19, '01:41:07.53', 0),
(28, 72, 20, '01:41:08.98', 0),
(44, 72, 21, '01:41:12.49', 0),
(9, 72, 22, '01:41:16.74', 0),
(45, 73, 1, '01:33:29.86', 25),
(47, 73, 2, '01:33:32.64', 18),
(37, 73, 3, '01:33:37.95', 15),
(48, 73, 4, '01:33:43.76', 12),
(21, 73, 5, '01:33:46.36', 10),
(54, 73, 6, '01:33:47.49', 8),
(56, 73, 7, '01:33:52.89', 6),
(68, 73, 8, '01:33:58.85', 4),
(20, 73, 9, '01:34:01.98', 2),
(44, 73, 10, '01:34:05.38', 1),
(22, 73, 11, '01:34:08.00', 0),
(2, 73, 12, '01:34:09.14', 0),
(42, 73, 13, '01:34:13.85', 0),
(75, 73, 14, '01:34:16.36', 0),
(72, 73, 15, '01:34:19.13', 0),
(71, 73, 16, '01:34:20.80', 0),
(46, 73, 17, '01:34:27.78', 0),
(6, 73, 18, '01:34:29.88', 0),
(66, 73, 19, '01:34:36.73', 0),
(35, 73, 20, '01:34:40.93', 0),
(50, 73, 21, '01:34:43.37', 0),
(14, 73, 22, '01:34:47.97', 0),
(7, 74, 1, '01:52:41.49', 25),
(5, 74, 2, '01:52:44.74', 18),
(4, 74, 3, '01:52:45.98', 15),
(19, 74, 4, '01:52:50.71', 12),
(3, 74, 5, '01:52:54.49', 10),
(17, 74, 6, '01:53:00.13', 8),
(11, 74, 7, '01:53:04.34', 6),
(41, 74, 8, '01:53:10.15', 4),
(56, 74, 9, '01:53:16.97', 2),
(42, 74, 10, '01:53:18.15', 1),
(22, 74, 11, '01:53:20.83', 0),
(26, 74, 12, '01:53:24.68', 0),
(21, 74, 13, '01:53:29.16', 0),
(74, 74, 14, '01:53:34.33', 0),
(25, 74, 15, '01:53:39.32', 0),
(29, 74, 16, '01:53:40.78', 0),
(16, 74, 17, '01:53:45.25', 0),
(50, 74, 18, '01:53:47.78', 0),
(49, 74, 19, '01:53:53.37', 0),
(58, 74, 20, '01:53:58.74', 0),
(72, 74, 21, '01:54:00.48', 0),
(18, 74, 22, '01:54:05.64', 0),
(40, 75, 1, '01:48:09.04', 25),
(44, 75, 2, '01:48:14.14', 18),
(52, 75, 3, '01:48:18.67', 15),
(38, 75, 4, '01:48:23.24', 12),
(8, 75, 5, '01:48:27.81', 10),
(39, 75, 6, '01:48:32.40', 8),
(42, 75, 7, '01:48:36.20', 6),
(43, 75, 8, '01:48:38.40', 4),
(16, 75, 9, '01:48:41.53', 2),
(49, 75, 10, '01:48:43.33', 1),
(32, 75, 11, '01:48:49.31', 0),
(55, 75, 12, '01:48:53.31', 0),
(70, 75, 13, '01:48:56.50', 0),
(30, 75, 14, '01:48:58.63', 0),
(46, 75, 15, '01:49:04.20', 0),
(53, 75, 16, '01:49:10.40', 0),
(73, 75, 17, '01:49:16.01', 0),
(33, 75, 18, '01:49:21.43', 0),
(58, 75, 19, '01:49:26.96', 0),
(71, 75, 20, '01:49:31.65', 0),
(63, 75, 21, '01:49:32.87', 0),
(4, 75, 22, '01:49:34.10', 0),
(50, 76, 1, '01:59:24.28', 25),
(43, 76, 2, '01:59:27.17', 18),
(28, 76, 3, '01:59:31.35', 15),
(26, 76, 4, '01:59:34.20', 12),
(64, 76, 5, '01:59:40.60', 10),
(48, 76, 6, '01:59:42.56', 8),
(63, 76, 7, '01:59:45.17', 6),
(31, 76, 8, '01:59:50.10', 4),
(5, 76, 9, '01:59:56.30', 2),
(45, 76, 10, '02:00:00.44', 1),
(61, 76, 11, '02:00:05.94', 0),
(62, 76, 12, '02:00:07.69', 0),
(51, 76, 13, '02:00:10.29', 0),
(2, 76, 14, '02:00:11.75', 0),
(1, 76, 15, '02:00:14.03', 0),
(69, 76, 16, '02:00:18.75', 0),
(7, 76, 17, '02:00:21.55', 0),
(11, 76, 18, '02:00:27.55', 0),
(21, 76, 19, '02:00:32.22', 0),
(53, 76, 20, '02:00:37.22', 0),
(57, 76, 21, '02:00:43.00', 0),
(10, 76, 22, '02:00:48.87', 0),
(36, 77, 1, '01:53:35.77', 25),
(58, 77, 2, '01:53:37.44', 18),
(48, 77, 3, '01:53:43.84', 15),
(8, 77, 4, '01:53:46.46', 12),
(57, 77, 5, '01:53:51.41', 10),
(5, 77, 6, '01:53:56.72', 8),
(1, 77, 7, '01:54:03.41', 6),
(59, 77, 8, '01:54:07.88', 4),
(18, 77, 9, '01:54:12.81', 2),
(51, 77, 10, '01:54:16.33', 1),
(6, 77, 11, '01:54:18.30', 0),
(62, 77, 12, '01:54:21.50', 0),
(43, 77, 13, '01:54:25.65', 0),
(64, 77, 14, '01:54:28.75', 0),
(32, 77, 15, '01:54:32.48', 0),
(9, 77, 16, '01:54:35.00', 0),
(35, 77, 17, '01:54:36.40', 0),
(70, 77, 18, '01:54:41.80', 0),
(33, 77, 19, '01:54:43.21', 0),
(49, 77, 20, '01:54:45.60', 0),
(56, 77, 21, '01:54:48.47', 0),
(47, 77, 22, '01:54:52.81', 0),
(58, 78, 1, '01:37:29.75', 25),
(59, 78, 2, '01:37:36.14', 18),
(19, 78, 3, '01:37:39.50', 15),
(29, 78, 4, '01:37:45.91', 12),
(48, 78, 5, '01:37:51.79', 10),
(61, 78, 6, '01:37:55.09', 8),
(41, 78, 7, '01:37:58.52', 6),
(71, 78, 8, '01:38:04.01', 4),
(46, 78, 9, '01:38:07.47', 2),
(26, 78, 10, '01:38:08.58', 1),
(68, 78, 11, '01:38:13.39', 0),
(10, 78, 12, '01:38:15.98', 0),
(7, 78, 13, '01:38:20.28', 0),
(5, 78, 14, '01:38:26.83', 0),
(11, 78, 15, '01:38:29.06', 0),
(24, 78, 16, '01:38:33.22', 0),
(65, 78, 17, '01:38:39.12', 0),
(3, 78, 18, '01:38:44.59', 0),
(70, 78, 19, '01:38:48.21', 0),
(4, 78, 20, '01:38:50.18', 0),
(14, 78, 21, '01:38:56.12', 0),
(39, 78, 22, '01:38:58.55', 0),
(14, 79, 1, '01:39:55.70', 25),
(60, 79, 2, '01:40:01.15', 18),
(23, 79, 3, '01:40:05.52', 15),
(27, 79, 4, '01:40:09.32', 12),
(20, 79, 5, '01:40:14.73', 10),
(52, 79, 6, '01:40:19.05', 8),
(3, 79, 7, '01:40:20.66', 6),
(4, 79, 8, '01:40:26.40', 4),
(49, 79, 9, '01:40:28.02', 2),
(22, 79, 10, '01:40:34.47', 1),
(5, 79, 11, '01:40:38.37', 0),
(17, 79, 12, '01:40:44.97', 0),
(2, 79, 13, '01:40:49.57', 0),
(68, 79, 14, '01:40:52.97', 0),
(8, 79, 15, '01:40:55.29', 0),
(45, 79, 16, '01:41:00.09', 0),
(39, 79, 17, '01:41:01.61', 0),
(18, 79, 18, '01:41:03.79', 0),
(55, 79, 19, '01:41:09.64', 0),
(12, 79, 20, '01:41:11.09', 0),
(67, 79, 21, '01:41:13.39', 0),
(59, 79, 22, '01:41:15.13', 0),
(67, 80, 1, '01:50:59.03', 25),
(20, 80, 2, '01:51:01.45', 18),
(18, 80, 3, '01:51:04.99', 15),
(26, 80, 4, '01:51:09.97', 12),
(66, 80, 5, '01:51:16.19', 10),
(2, 80, 6, '01:51:19.14', 8),
(54, 80, 7, '01:51:22.32', 6),
(11, 80, 8, '01:51:27.70', 4),
(35, 80, 9, '01:51:30.20', 2),
(14, 80, 10, '01:51:36.88', 1),
(49, 80, 11, '01:51:43.30', 0),
(16, 80, 12, '01:51:45.67', 0),
(15, 80, 13, '01:51:51.36', 0),
(47, 80, 14, '01:51:57.96', 0),
(4, 80, 15, '01:52:02.95', 0),
(64, 80, 16, '01:52:04.17', 0),
(33, 80, 17, '01:52:07.67', 0),
(61, 80, 18, '01:52:12.27', 0),
(60, 80, 19, '01:52:18.67', 0),
(12, 80, 20, '01:52:20.58', 0),
(43, 80, 21, '01:52:25.10', 0),
(6, 80, 22, '01:52:30.30', 0),
(74, 81, 1, '01:38:04.22', 25),
(73, 81, 2, '01:38:09.32', 18),
(32, 81, 3, '01:38:10.62', 15),
(18, 81, 4, '01:38:17.34', 12),
(17, 81, 5, '01:38:18.50', 10),
(27, 81, 6, '01:38:21.93', 8),
(37, 81, 7, '01:38:24.58', 6),
(3, 81, 8, '01:38:30.19', 4),
(45, 81, 9, '01:38:33.29', 2),
(43, 81, 10, '01:38:39.81', 1),
(58, 81, 11, '01:38:45.11', 0),
(61, 81, 12, '01:38:50.51', 0),
(64, 81, 13, '01:38:55.84', 0),
(14, 81, 14, '01:39:01.24', 0),
(36, 81, 15, '01:39:03.46', 0),
(30, 81, 16, '01:39:06.27', 0),
(7, 81, 17, '01:39:12.86', 0),
(54, 81, 18, '01:39:19.38', 0),
(41, 81, 19, '01:39:23.51', 0),
(34, 81, 20, '01:39:28.11', 0),
(68, 81, 21, '01:39:31.47', 0),
(59, 81, 22, '01:39:32.59', 0),
(2, 82, 1, '01:23:32.64', 25),
(43, 82, 2, '01:23:34.49', 18),
(75, 82, 3, '01:23:39.37', 15),
(22, 82, 4, '01:23:46.29', 12),
(42, 82, 5, '01:23:48.85', 10),
(73, 82, 6, '01:23:54.05', 8),
(58, 82, 7, '01:23:57.25', 6),
(68, 82, 8, '01:24:00.01', 4),
(62, 82, 9, '01:24:02.01', 2),
(7, 82, 10, '01:24:06.52', 1),
(64, 82, 11, '01:24:12.46', 0),
(48, 82, 12, '01:24:14.16', 0),
(66, 82, 13, '01:24:15.90', 0),
(55, 82, 14, '01:24:18.25', 0),
(56, 82, 15, '01:24:22.68', 0),
(67, 82, 16, '01:24:24.19', 0),
(3, 82, 17, '01:24:26.74', 0),
(16, 82, 18, '01:24:30.04', 0),
(27, 82, 19, '01:24:35.19', 0),
(69, 82, 20, '01:24:41.99', 0),
(17, 82, 21, '01:24:45.39', 0),
(10, 82, 22, '01:24:51.09', 0),
(73, 83, 1, '01:30:18.47', 25),
(57, 83, 2, '01:30:22.94', 18),
(68, 83, 3, '01:30:25.09', 15),
(10, 83, 4, '01:30:29.98', 12),
(58, 83, 5, '01:30:33.73', 10),
(32, 83, 6, '01:30:37.51', 8),
(12, 83, 7, '01:30:41.66', 6),
(46, 83, 8, '01:30:44.78', 4),
(52, 83, 9, '01:30:49.30', 2),
(59, 83, 10, '01:30:55.14', 1),
(13, 83, 11, '01:30:57.73', 0),
(72, 83, 12, '01:31:03.51', 0),
(75, 83, 13, '01:31:08.88', 0),
(33, 83, 14, '01:31:10.87', 0),
(27, 83, 15, '01:31:13.20', 0),
(74, 83, 16, '01:31:18.36', 0),
(47, 83, 17, '01:31:19.85', 0),
(54, 83, 18, '01:31:20.97', 0),
(61, 83, 19, '01:31:23.87', 0),
(9, 83, 20, '01:31:26.67', 0),
(39, 83, 21, '01:31:30.18', 0),
(16, 83, 22, '01:31:36.56', 0),
(45, 84, 1, '01:25:39.89', 25),
(48, 84, 2, '01:25:44.57', 18),
(57, 84, 3, '01:25:48.51', 15),
(46, 84, 4, '01:25:52.94', 12),
(47, 84, 5, '01:25:55.29', 10),
(1, 84, 6, '01:26:01.97', 8),
(19, 84, 7, '01:26:05.95', 6),
(17, 84, 8, '01:26:12.30', 4),
(54, 84, 9, '01:26:15.40', 2),
(52, 84, 10, '01:26:18.33', 1),
(27, 84, 11, '01:26:22.03', 0),
(20, 84, 12, '01:26:28.55', 0),
(68, 84, 13, '01:26:33.98', 0),
(4, 84, 14, '01:26:37.27', 0),
(15, 84, 15, '01:26:40.42', 0),
(28, 84, 16, '01:26:42.75', 0),
(31, 84, 17, '01:26:48.35', 0),
(58, 84, 18, '01:26:54.13', 0),
(49, 84, 19, '01:26:57.65', 0),
(10, 84, 20, '01:27:03.83', 0),
(35, 84, 21, '01:27:05.56', 0),
(23, 84, 22, '01:27:08.22', 0),
(8, 85, 1, '01:50:07.41', 25),
(56, 85, 2, '01:50:12.35', 18),
(26, 85, 3, '01:50:14.83', 15),
(1, 85, 4, '01:50:18.76', 12),
(28, 85, 5, '01:50:21.14', 10),
(6, 85, 6, '01:50:28.07', 8),
(16, 85, 7, '01:50:30.57', 6),
(13, 85, 8, '01:50:34.78', 4),
(70, 85, 9, '01:50:37.08', 2),
(5, 85, 10, '01:50:38.80', 1),
(45, 85, 11, '01:50:39.96', 0),
(46, 85, 12, '01:50:42.66', 0),
(57, 85, 13, '01:50:49.41', 0),
(23, 85, 14, '01:50:54.77', 0),
(67, 85, 15, '01:50:56.96', 0),
(22, 85, 16, '01:51:02.86', 0),
(44, 85, 17, '01:51:09.32', 0),
(27, 85, 18, '01:51:12.67', 0),
(52, 85, 19, '01:51:15.17', 0),
(65, 85, 20, '01:51:18.13', 0),
(21, 85, 21, '01:51:21.52', 0),
(34, 85, 22, '01:51:26.67', 0),
(43, 86, 1, '01:34:59.85', 25),
(33, 86, 2, '01:35:03.03', 18),
(73, 86, 3, '01:35:05.81', 15),
(55, 86, 4, '01:35:10.50', 12),
(37, 86, 5, '01:35:17.04', 10),
(49, 86, 6, '01:35:20.82', 8),
(4, 86, 7, '01:35:25.81', 6),
(70, 86, 8, '01:35:28.96', 4),
(14, 86, 9, '01:35:32.54', 2),
(7, 86, 10, '01:35:39.49', 1),
(22, 86, 11, '01:35:42.87', 0),
(51, 86, 12, '01:35:48.07', 0),
(39, 86, 13, '01:35:49.54', 0),
(17, 86, 14, '01:35:51.91', 0),
(27, 86, 15, '01:35:57.74', 0),
(26, 86, 16, '01:35:59.88', 0),
(6, 86, 17, '01:36:01.37', 0),
(67, 86, 18, '01:36:07.51', 0),
(74, 86, 19, '01:36:13.79', 0),
(63, 86, 20, '01:36:15.09', 0),
(62, 86, 21, '01:36:18.86', 0),
(8, 86, 22, '01:36:25.61', 0),
(13, 87, 1, '01:40:15.81', 25),
(41, 87, 2, '01:40:19.33', 18),
(7, 87, 3, '01:40:24.73', 15),
(48, 87, 4, '01:40:27.00', 12),
(61, 87, 5, '01:40:29.20', 10),
(10, 87, 6, '01:40:30.87', 8),
(15, 87, 7, '01:40:36.18', 6),
(68, 87, 8, '01:40:40.79', 4),
(44, 87, 9, '01:40:42.26', 2),
(17, 87, 10, '01:40:47.65', 1),
(49, 87, 11, '01:40:53.21', 0),
(16, 87, 12, '01:40:56.03', 0),
(9, 87, 13, '01:41:01.41', 0),
(70, 87, 14, '01:41:04.81', 0),
(36, 87, 15, '01:41:10.17', 0),
(56, 87, 16, '01:41:14.47', 0),
(55, 87, 17, '01:41:16.19', 0),
(2, 87, 18, '01:41:20.70', 0),
(40, 87, 19, '01:41:26.95', 0),
(67, 87, 20, '01:41:31.41', 0),
(35, 87, 21, '01:41:34.21', 0),
(69, 87, 22, '01:41:37.35', 0),
(22, 88, 1, '01:43:32.45', 25),
(37, 88, 2, '01:43:38.70', 18),
(21, 88, 3, '01:43:41.20', 15),
(9, 88, 4, '01:43:46.14', 12),
(72, 88, 5, '01:43:51.77', 10),
(31, 88, 6, '01:43:56.71', 8),
(43, 88, 7, '01:44:03.61', 6),
(5, 88, 8, '01:44:07.07', 4),
(52, 88, 9, '01:44:12.93', 2),
(29, 88, 10, '01:44:19.11', 1),
(63, 88, 11, '01:44:23.33', 0),
(71, 88, 12, '01:44:28.61', 0),
(70, 88, 13, '01:44:35.05', 0),
(30, 88, 14, '01:44:42.01', 0),
(36, 88, 15, '01:44:46.15', 0),
(69, 88, 16, '01:44:48.13', 0),
(34, 88, 17, '01:44:53.53', 0),
(66, 88, 18, '01:44:59.42', 0),
(7, 88, 19, '01:45:05.10', 0),
(27, 88, 20, '01:45:07.05', 0),
(61, 88, 21, '01:45:11.65', 0),
(68, 88, 22, '01:45:14.51', 0),
(22, 89, 1, '01:27:43.78', 25),
(21, 89, 2, '01:27:50.13', 18),
(34, 89, 3, '01:27:55.63', 15),
(27, 89, 4, '01:28:01.07', 12),
(43, 89, 5, '01:28:06.05', 10),
(10, 89, 6, '01:28:08.22', 8),
(37, 89, 7, '01:28:13.20', 6),
(75, 89, 8, '01:28:18.31', 4),
(38, 89, 9, '01:28:21.74', 2),
(6, 89, 10, '01:28:28.03', 1),
(61, 89, 11, '01:28:34.22', 0),
(47, 89, 12, '01:28:37.10', 0),
(14, 89, 13, '01:28:38.51', 0),
(35, 89, 14, '01:28:43.20', 0),
(65, 89, 15, '01:28:47.55', 0),
(15, 89, 16, '01:28:52.04', 0),
(68, 89, 17, '01:28:54.72', 0),
(19, 89, 18, '01:28:55.95', 0),
(72, 89, 19, '01:29:01.45', 0),
(23, 89, 20, '01:29:02.56', 0),
(66, 89, 21, '01:29:08.34', 0),
(58, 89, 22, '01:29:11.83', 0),
(32, 90, 1, '01:24:46.41', 25),
(70, 90, 2, '01:24:51.06', 18),
(18, 90, 3, '01:24:54.42', 15),
(71, 90, 4, '01:24:59.83', 12),
(25, 90, 5, '01:25:06.03', 10),
(75, 90, 6, '01:25:07.90', 8),
(9, 90, 7, '01:25:10.90', 6),
(38, 90, 8, '01:25:13.42', 4),
(29, 90, 9, '01:25:19.19', 2),
(35, 90, 10, '01:25:20.98', 1),
(12, 90, 11, '01:25:24.55', 0),
(19, 90, 12, '01:25:27.65', 0),
(28, 90, 13, '01:25:33.21', 0),
(45, 90, 14, '01:25:38.36', 0),
(62, 90, 15, '01:25:44.51', 0),
(33, 90, 16, '01:25:51.36', 0),
(6, 90, 17, '01:25:54.14', 0),
(54, 90, 18, '01:25:56.86', 0),
(57, 90, 19, '01:25:59.42', 0),
(13, 90, 20, '01:26:02.73', 0),
(7, 90, 21, '01:26:03.92', 0),
(40, 90, 22, '01:26:06.77', 0),
(63, 91, 1, '01:35:40.39', 25),
(74, 91, 2, '01:35:44.53', 18),
(14, 91, 3, '01:35:49.66', 15),
(46, 91, 4, '01:35:53.22', 12),
(36, 91, 5, '01:35:57.35', 10),
(52, 91, 6, '01:36:02.03', 8),
(62, 91, 7, '01:36:05.51', 6),
(26, 91, 8, '01:36:08.33', 4),
(68, 91, 9, '01:36:11.47', 2),
(43, 91, 10, '01:36:13.40', 1),
(32, 91, 11, '01:36:20.21', 0),
(65, 91, 12, '01:36:24.44', 0),
(37, 91, 13, '01:36:26.97', 0),
(41, 91, 14, '01:36:32.38', 0),
(9, 91, 15, '01:36:33.84', 0),
(4, 91, 16, '01:36:35.35', 0),
(3, 91, 17, '01:36:37.70', 0),
(7, 91, 18, '01:36:41.00', 0),
(33, 91, 19, '01:36:42.69', 0),
(59, 91, 20, '01:36:49.05', 0),
(34, 91, 21, '01:36:50.50', 0),
(49, 91, 22, '01:36:51.76', 0),
(48, 92, 1, '01:37:43.72', 25),
(14, 92, 2, '01:37:49.44', 18),
(44, 92, 3, '01:37:53.94', 15),
(5, 92, 4, '01:37:57.17', 12),
(31, 92, 5, '01:37:58.65', 10),
(63, 92, 6, '01:38:00.25', 8),
(11, 92, 7, '01:38:02.36', 6),
(15, 92, 8, '01:38:07.59', 4),
(51, 92, 9, '01:38:13.33', 2),
(22, 92, 10, '01:38:14.93', 1),
(52, 92, 11, '01:38:16.55', 0),
(19, 92, 12, '01:38:21.94', 0),
(39, 92, 13, '01:38:23.34', 0),
(72, 92, 14, '01:38:25.08', 0),
(54, 92, 15, '01:38:31.56', 0),
(67, 92, 16, '01:38:33.74', 0),
(34, 92, 17, '01:38:39.53', 0),
(50, 92, 18, '01:38:45.16', 0),
(73, 92, 19, '01:38:49.28', 0),
(58, 92, 20, '01:38:51.69', 0),
(69, 92, 21, '01:38:55.95', 0),
(1, 92, 22, '01:39:00.07', 0),
(49, 93, 1, '01:52:52.76', 25),
(21, 93, 2, '01:52:57.87', 18),
(25, 93, 3, '01:53:04.43', 15),
(45, 93, 4, '01:53:08.21', 12),
(61, 93, 5, '01:53:12.47', 10),
(7, 93, 6, '01:53:15.71', 8),
(62, 93, 7, '01:53:18.44', 6),
(54, 93, 8, '01:53:23.43', 4),
(30, 93, 9, '01:53:28.12', 2),
(38, 93, 10, '01:53:33.02', 1),
(26, 93, 11, '01:53:35.21', 0),
(15, 93, 12, '01:53:37.06', 0),
(53, 93, 13, '01:53:42.99', 0),
(63, 93, 14, '01:53:47.71', 0),
(13, 93, 15, '01:53:49.25', 0),
(56, 93, 16, '01:53:55.05', 0),
(67, 93, 17, '01:53:58.53', 0),
(37, 93, 18, '01:54:03.30', 0),
(68, 93, 19, '01:54:06.47', 0),
(23, 93, 20, '01:54:11.84', 0),
(40, 93, 21, '01:54:13.40', 0),
(66, 93, 22, '01:54:17.50', 0),
(65, 94, 1, '01:58:53.14', 25),
(56, 94, 2, '01:58:55.02', 18),
(22, 94, 3, '01:58:57.45', 15),
(5, 94, 4, '01:59:00.85', 12),
(19, 94, 5, '01:59:04.95', 10),
(73, 94, 6, '01:59:06.60', 8),
(69, 94, 7, '01:59:12.94', 6),
(42, 94, 8, '01:59:15.04', 4),
(74, 94, 9, '01:59:19.78', 2),
(49, 94, 10, '01:59:23.03', 1),
(18, 94, 11, '01:59:28.91', 0),
(59, 94, 12, '01:59:31.10', 0),
(50, 94, 13, '01:59:33.23', 0),
(2, 94, 14, '01:59:35.70', 0),
(24, 94, 15, '01:59:41.84', 0),
(32, 94, 16, '01:59:47.15', 0),
(61, 94, 17, '01:59:50.60', 0),
(10, 94, 18, '01:59:55.11', 0),
(27, 94, 19, '02:00:00.50', 0),
(63, 94, 20, '02:00:04.91', 0),
(53, 94, 21, '02:00:07.81', 0),
(33, 94, 22, '02:00:14.14', 0),
(60, 95, 1, '01:51:22.97', 25),
(67, 95, 2, '01:51:25.20', 18),
(38, 95, 3, '01:51:26.44', 15),
(1, 95, 4, '01:51:29.01', 12),
(74, 95, 5, '01:51:31.55', 10),
(17, 95, 6, '01:51:34.45', 8),
(53, 95, 7, '01:51:39.28', 6),
(2, 95, 8, '01:51:41.15', 4),
(23, 95, 9, '01:51:47.06', 2),
(68, 95, 10, '01:51:50.47', 1),
(55, 95, 11, '01:51:53.37', 0),
(54, 95, 12, '01:51:57.76', 0),
(28, 95, 13, '01:52:02.48', 0),
(29, 95, 14, '01:52:05.38', 0),
(65, 95, 15, '01:52:07.18', 0),
(69, 95, 16, '01:52:11.88', 0),
(25, 95, 17, '01:52:15.10', 0),
(62, 95, 18, '01:52:17.73', 0),
(32, 95, 19, '01:52:19.30', 0),
(30, 95, 20, '01:52:23.45', 0),
(24, 95, 21, '01:52:25.02', 0),
(5, 95, 22, '01:52:31.98', 0),
(20, 96, 1, '01:38:12.79', 25),
(3, 96, 2, '01:38:18.40', 18),
(43, 96, 3, '01:38:23.59', 15),
(14, 96, 4, '01:38:24.96', 12),
(11, 96, 5, '01:38:26.84', 10),
(65, 96, 6, '01:38:31.60', 8),
(58, 96, 7, '01:38:37.80', 6),
(1, 96, 8, '01:38:42.90', 4),
(42, 96, 9, '01:38:45.10', 2),
(75, 96, 10, '01:38:46.37', 1),
(66, 96, 11, '01:38:48.34', 0),
(72, 96, 12, '01:38:51.89', 0),
(40, 96, 13, '01:38:57.07', 0),
(29, 96, 14, '01:39:01.67', 0),
(48, 96, 15, '01:39:06.39', 0),
(71, 96, 16, '01:39:10.22', 0),
(55, 96, 17, '01:39:13.75', 0),
(63, 96, 18, '01:39:15.00', 0),
(31, 96, 19, '01:39:21.86', 0),
(33, 96, 20, '01:39:24.26', 0),
(22, 96, 21, '01:39:27.16', 0),
(37, 96, 22, '01:39:32.87', 0),
(54, 97, 1, '01:44:45.59', 25),
(52, 97, 2, '01:44:52.31', 18),
(70, 97, 3, '01:44:57.73', 15),
(1, 97, 4, '01:45:00.60', 12),
(23, 97, 5, '01:45:03.20', 10),
(15, 97, 6, '01:45:06.08', 8),
(24, 97, 7, '01:45:08.45', 6),
(59, 97, 8, '01:45:13.06', 4),
(71, 97, 9, '01:45:16.30', 2),
(68, 97, 10, '01:45:20.68', 1),
(19, 97, 11, '01:45:25.99', 0),
(65, 97, 12, '01:45:30.14', 0),
(43, 97, 13, '01:45:31.94', 0),
(41, 97, 14, '01:45:37.87', 0),
(21, 97, 15, '01:45:39.24', 0),
(49, 97, 16, '01:45:46.10', 0),
(8, 97, 17, '01:45:49.44', 0),
(60, 97, 18, '01:45:55.16', 0),
(9, 97, 19, '01:45:56.38', 0),
(31, 97, 20, '01:45:59.87', 0),
(28, 97, 21, '01:46:04.49', 0),
(47, 97, 22, '01:46:06.96', 0),
(21, 98, 1, '01:38:50.84', 25),
(58, 98, 2, '01:38:54.43', 18),
(15, 98, 3, '01:39:00.42', 15),
(6, 98, 4, '01:39:04.34', 12),
(1, 98, 5, '01:39:07.49', 10),
(26, 98, 6, '01:39:11.36', 8),
(61, 98, 7, '01:39:14.56', 6),
(2, 98, 8, '01:39:17.11', 4),
(47, 98, 9, '01:39:21.61', 2),
(31, 98, 10, '01:39:26.40', 1),
(29, 98, 11, '01:39:28.06', 0),
(57, 98, 12, '01:39:33.85', 0),
(37, 98, 13, '01:39:38.17', 0),
(12, 98, 14, '01:39:43.06', 0),
(5, 98, 15, '01:39:49.82', 0),
(41, 98, 16, '01:39:50.93', 0),
(71, 98, 17, '01:39:54.47', 0),
(27, 98, 18, '01:39:56.16', 0),
(34, 98, 19, '01:40:00.07', 0),
(35, 98, 20, '01:40:06.49', 0),
(59, 98, 21, '01:40:12.85', 0),
(40, 98, 22, '01:40:14.63', 0),
(63, 99, 1, '01:22:38.83', 25),
(43, 99, 2, '01:22:43.36', 18),
(39, 99, 3, '01:22:44.81', 15),
(36, 99, 4, '01:22:46.39', 12),
(13, 99, 5, '01:22:48.52', 10),
(68, 99, 6, '01:22:53.91', 8),
(41, 99, 7, '01:22:56.36', 6),
(31, 99, 8, '01:23:02.14', 4),
(75, 99, 9, '01:23:06.02', 2),
(62, 99, 10, '01:23:11.22', 1),
(32, 99, 11, '01:23:13.79', 0),
(51, 99, 12, '01:23:20.29', 0),
(58, 99, 13, '01:23:26.64', 0),
(24, 99, 14, '01:23:27.80', 0),
(27, 99, 15, '01:23:29.16', 0),
(47, 99, 16, '01:23:34.53', 0),
(52, 99, 17, '01:23:36.86', 0),
(22, 99, 18, '01:23:39.29', 0),
(61, 99, 19, '01:23:45.43', 0),
(2, 99, 20, '01:23:50.66', 0),
(49, 99, 21, '01:23:56.36', 0),
(66, 99, 22, '01:23:59.28', 0),
(21, 100, 1, '01:47:27.62', 25),
(53, 100, 2, '01:47:30.88', 18),
(16, 100, 3, '01:47:35.00', 15),
(38, 100, 4, '01:47:40.71', 12),
(2, 100, 5, '01:47:45.41', 10),
(48, 100, 6, '01:47:48.24', 8),
(32, 100, 7, '01:47:54.63', 6),
(74, 100, 8, '01:47:59.73', 4),
(6, 100, 9, '01:48:05.25', 2),
(5, 100, 10, '01:48:07.23', 1),
(66, 100, 11, '01:48:10.92', 0),
(1, 100, 12, '01:48:12.19', 0),
(75, 100, 13, '01:48:17.59', 0),
(9, 100, 14, '01:48:22.97', 0),
(20, 100, 15, '01:48:25.47', 0),
(10, 100, 16, '01:48:31.57', 0),
(58, 100, 17, '01:48:33.96', 0),
(44, 100, 18, '01:48:36.66', 0),
(25, 100, 19, '01:48:41.45', 0),
(18, 100, 20, '01:48:47.86', 0),
(17, 100, 21, '01:48:54.59', 0),
(46, 100, 22, '01:48:59.08', 0),
(30, 101, 1, '01:27:19.34', 25),
(40, 101, 2, '01:27:21.71', 18),
(47, 101, 3, '01:27:24.04', 15),
(37, 101, 4, '01:27:26.53', 12),
(42, 101, 5, '01:27:31.46', 10),
(41, 101, 6, '01:27:36.83', 8),
(4, 101, 7, '01:27:40.13', 6),
(34, 101, 8, '01:27:43.59', 4),
(44, 101, 9, '01:27:49.75', 2),
(50, 101, 10, '01:27:52.10', 1),
(45, 101, 11, '01:27:58.96', 0),
(73, 101, 12, '01:28:04.44', 0),
(49, 101, 13, '01:28:09.18', 0),
(7, 101, 14, '01:28:11.55', 0),
(6, 101, 15, '01:28:15.08', 0),
(63, 101, 16, '01:28:19.90', 0),
(56, 101, 17, '01:28:23.18', 0),
(31, 101, 18, '01:28:26.58', 0),
(70, 101, 19, '01:28:30.96', 0),
(11, 101, 20, '01:28:32.40', 0),
(75, 101, 21, '01:28:35.62', 0),
(25, 101, 22, '01:28:39.86', 0),
(31, 102, 1, '01:29:41.37', 25),
(56, 102, 2, '01:29:47.47', 18),
(29, 102, 3, '01:29:48.67', 15),
(24, 102, 4, '01:29:54.49', 12),
(54, 102, 5, '01:29:59.10', 10),
(17, 102, 6, '01:30:05.93', 8),
(10, 102, 7, '01:30:12.84', 6),
(48, 102, 8, '01:30:16.99', 4),
(42, 102, 9, '01:30:20.31', 2),
(63, 102, 10, '01:30:25.87', 1),
(12, 102, 11, '01:30:30.04', 0),
(23, 102, 12, '01:30:31.46', 0),
(66, 102, 13, '01:30:34.71', 0),
(22, 102, 14, '01:30:40.30', 0),
(68, 102, 15, '01:30:43.93', 0),
(19, 102, 16, '01:30:50.33', 0),
(64, 102, 17, '01:30:54.80', 0),
(14, 102, 18, '01:30:57.70', 0),
(58, 102, 19, '01:31:02.27', 0),
(37, 102, 20, '01:31:03.66', 0),
(59, 102, 21, '01:31:05.83', 0),
(73, 102, 22, '01:31:09.71', 0),
(38, 103, 1, '01:59:30.01', 25),
(46, 103, 2, '01:59:35.66', 18),
(9, 103, 3, '01:59:41.77', 15),
(42, 103, 4, '01:59:42.96', 12),
(61, 103, 5, '01:59:47.63', 10),
(33, 103, 6, '01:59:48.63', 8),
(1, 103, 7, '01:59:54.03', 6),
(62, 103, 8, '01:59:58.43', 4),
(67, 103, 9, '02:00:04.93', 2),
(14, 103, 10, '02:00:10.33', 1),
(63, 103, 11, '02:00:16.93', 0),
(74, 103, 12, '02:00:19.68', 0),
(22, 103, 13, '02:00:25.62', 0),
(64, 103, 14, '02:00:28.94', 0),
(48, 103, 15, '02:00:33.87', 0),
(31, 103, 16, '02:00:35.68', 0),
(55, 103, 17, '02:00:42.32', 0),
(26, 103, 18, '02:00:48.26', 0),
(4, 103, 19, '02:00:54.52', 0),
(19, 103, 20, '02:00:58.68', 0),
(3, 103, 21, '02:01:01.48', 0),
(12, 103, 22, '02:01:02.81', 0),
(33, 104, 1, '01:47:38.00', 25),
(63, 104, 2, '01:47:41.59', 18),
(9, 104, 3, '01:47:46.74', 15),
(3, 104, 4, '01:47:52.34', 12),
(53, 104, 5, '01:47:54.84', 10),
(28, 104, 6, '01:47:57.13', 8),
(19, 104, 7, '01:47:59.85', 6),
(7, 104, 8, '01:48:03.65', 4),
(46, 104, 9, '01:48:09.59', 2),
(31, 104, 10, '01:48:13.51', 1),
(66, 104, 11, '01:48:15.86', 0),
(15, 104, 12, '01:48:18.29', 0),
(38, 104, 13, '01:48:20.50', 0),
(30, 104, 14, '01:48:25.93', 0),
(2, 104, 15, '01:48:30.26', 0),
(49, 104, 16, '01:48:37.06', 0),
(71, 104, 17, '01:48:43.88', 0),
(10, 104, 18, '01:48:45.46', 0),
(37, 104, 19, '01:48:47.46', 0),
(12, 104, 20, '01:48:52.56', 0),
(22, 104, 21, '01:48:57.36', 0),
(20, 104, 22, '01:49:00.26', 0),
(55, 105, 1, '01:52:42.61', 25),
(50, 105, 2, '01:52:44.01', 18),
(23, 105, 3, '01:52:45.47', 15),
(17, 105, 4, '01:52:49.16', 12),
(43, 105, 5, '01:52:53.46', 10),
(19, 105, 6, '01:52:59.15', 8),
(68, 105, 7, '01:53:05.80', 6),
(39, 105, 8, '01:53:07.02', 4),
(24, 105, 9, '01:53:08.30', 2),
(51, 105, 10, '01:53:14.57', 1),
(71, 105, 11, '01:53:21.17', 0),
(32, 105, 12, '01:53:24.37', 0),
(62, 105, 13, '01:53:27.47', 0),
(70, 105, 14, '01:53:33.93', 0),
(52, 105, 15, '01:53:40.63', 0),
(75, 105, 16, '01:53:44.37', 0),
(34, 105, 17, '01:53:45.57', 0),
(35, 105, 18, '01:53:48.45', 0),
(42, 105, 19, '01:53:54.05', 0),
(4, 105, 20, '01:53:58.45', 0),
(31, 105, 21, '01:54:00.95', 0),
(74, 105, 22, '01:54:02.30', 0),
(16, 106, 1, '01:30:17.13', 25),
(23, 106, 2, '01:30:21.43', 18),
(33, 106, 3, '01:30:26.55', 15),
(51, 106, 4, '01:30:31.75', 12),
(59, 106, 5, '01:30:33.50', 10),
(7, 106, 6, '01:30:36.88', 8),
(5, 106, 7, '01:30:37.88', 6),
(75, 106, 8, '01:30:39.46', 4),
(60, 106, 9, '01:30:42.15', 2),
(53, 106, 10, '01:30:44.74', 1),
(21, 106, 11, '01:30:48.91', 0),
(34, 106, 12, '01:30:55.18', 0),
(42, 106, 13, '01:30:57.48', 0),
(49, 106, 14, '01:30:58.64', 0),
(6, 106, 15, '01:31:02.26', 0),
(65, 106, 16, '01:31:08.11', 0),
(64, 106, 17, '01:31:09.41', 0),
(61, 106, 18, '01:31:10.89', 0),
(62, 106, 19, '01:31:12.59', 0),
(70, 106, 20, '01:31:17.84', 0),
(2, 106, 21, '01:31:23.45', 0),
(41, 106, 22, '01:31:25.36', 0),
(73, 107, 1, '01:49:38.25', 25),
(11, 107, 2, '01:49:42.09', 18),
(17, 107, 3, '01:49:44.37', 15),
(37, 107, 4, '01:49:49.07', 12),
(44, 107, 5, '01:49:52.42', 10),
(21, 107, 6, '01:49:57.54', 8),
(66, 107, 7, '01:50:04.29', 6),
(62, 107, 8, '01:50:10.62', 4),
(40, 107, 9, '01:50:12.73', 2),
(2, 107, 10, '01:50:16.25', 1),
(53, 107, 11, '01:50:21.19', 0),
(4, 107, 12, '01:50:27.10', 0),
(35, 107, 13, '01:50:28.22', 0),
(70, 107, 14, '01:50:31.65', 0),
(39, 107, 15, '01:50:37.45', 0),
(75, 107, 16, '01:50:42.20', 0),
(38, 107, 17, '01:50:48.91', 0),
(58, 107, 18, '01:50:54.77', 0),
(68, 107, 19, '01:51:00.58', 0),
(9, 107, 20, '01:51:04.88', 0),
(12, 107, 21, '01:51:11.38', 0),
(15, 107, 22, '01:51:13.22', 0),
(60, 108, 1, '01:51:47.12', 25),
(53, 108, 2, '01:51:50.33', 18),
(57, 108, 3, '01:51:51.50', 15),
(14, 108, 4, '01:51:53.24', 12),
(74, 108, 5, '01:52:00.03', 10),
(7, 108, 6, '01:52:01.20', 8),
(43, 108, 7, '01:52:06.68', 6),
(37, 108, 8, '01:52:07.83', 4),
(9, 108, 9, '01:52:09.67', 2),
(13, 108, 10, '01:52:12.48', 1),
(70, 108, 11, '01:52:19.46', 0),
(16, 108, 12, '01:52:22.43', 0),
(41, 108, 13, '01:52:26.21', 0),
(25, 108, 14, '01:52:27.21', 0),
(4, 108, 15, '01:52:31.19', 0),
(69, 108, 16, '01:52:36.64', 0),
(55, 108, 17, '01:52:38.90', 0),
(32, 108, 18, '01:52:41.47', 0),
(45, 108, 19, '01:52:44.21', 0),
(73, 108, 20, '01:52:49.62', 0),
(47, 108, 21, '01:52:53.33', 0),
(67, 108, 22, '01:52:56.58', 0),
(57, 109, 1, '01:43:20.60', 25),
(21, 109, 2, '01:43:26.12', 18),
(41, 109, 3, '01:43:27.51', 15),
(3, 109, 4, '01:43:28.75', 12),
(17, 109, 5, '01:43:35.19', 10),
(26, 109, 6, '01:43:39.19', 8),
(1, 109, 7, '01:43:42.12', 6),
(50, 109, 8, '01:43:47.40', 4),
(52, 109, 9, '01:43:49.82', 2),
(66, 109, 10, '01:43:51.20', 1),
(15, 109, 11, '01:43:55.55', 0),
(69, 109, 12, '01:44:00.70', 0),
(38, 109, 13, '01:44:04.48', 0),
(54, 109, 14, '01:44:05.96', 0),
(12, 109, 15, '01:44:09.74', 0),
(75, 109, 16, '01:44:13.84', 0),
(18, 109, 17, '01:44:18.64', 0),
(27, 109, 18, '01:44:19.86', 0),
(53, 109, 19, '01:44:23.81', 0),
(22, 109, 20, '01:44:27.11', 0),
(4, 109, 21, '01:44:31.49', 0),
(70, 109, 22, '01:44:34.59', 0),
(29, 110, 1, '01:46:57.85', 25),
(56, 110, 2, '01:46:59.78', 18),
(45, 110, 3, '01:47:04.46', 15),
(4, 110, 4, '01:47:05.75', 12),
(16, 110, 5, '01:47:07.44', 10),
(39, 110, 6, '01:47:10.44', 8),
(5, 110, 7, '01:47:16.32', 6),
(66, 110, 8, '01:47:20.26', 4),
(20, 110, 9, '01:47:22.72', 2),
(50, 110, 10, '01:47:24.43', 1),
(64, 110, 11, '01:47:29.85', 0),
(48, 110, 12, '01:47:32.63', 0),
(71, 110, 13, '01:47:36.40', 0),
(8, 110, 14, '01:47:38.76', 0),
(27, 110, 15, '01:47:42.09', 0),
(73, 110, 16, '01:47:43.44', 0),
(19, 110, 17, '01:47:46.65', 0),
(38, 110, 18, '01:47:50.36', 0),
(18, 110, 19, '01:47:54.23', 0),
(40, 110, 20, '01:47:56.87', 0),
(31, 110, 21, '01:47:58.08', 0),
(62, 110, 22, '01:48:04.69', 0),
(43, 111, 1, '01:53:59.04', 25),
(13, 111, 2, '01:54:03.03', 18),
(50, 111, 3, '01:54:06.30', 15),
(53, 111, 4, '01:54:09.14', 12),
(31, 111, 5, '01:54:15.55', 10),
(60, 111, 6, '01:54:22.02', 8),
(38, 111, 7, '01:54:24.73', 6),
(9, 111, 8, '01:54:28.96', 4),
(19, 111, 9, '01:54:33.82', 2),
(34, 111, 10, '01:54:40.53', 1),
(17, 111, 11, '01:54:45.53', 0),
(15, 111, 12, '01:54:51.34', 0),
(25, 111, 13, '01:54:55.17', 0),
(2, 111, 14, '01:55:00.73', 0),
(7, 111, 15, '01:55:04.68', 0),
(64, 111, 16, '01:55:09.03', 0),
(5, 111, 17, '01:55:12.63', 0),
(16, 111, 18, '01:55:15.43', 0),
(59, 111, 19, '01:55:18.01', 0),
(18, 111, 20, '01:55:19.86', 0),
(26, 111, 21, '01:55:24.20', 0),
(42, 111, 22, '01:55:30.30', 0),
(39, 112, 1, '01:38:32.06', 25),
(11, 112, 2, '01:38:38.61', 18),
(31, 112, 3, '01:38:40.21', 15),
(12, 112, 4, '01:38:46.37', 12),
(61, 112, 5, '01:38:48.96', 10),
(69, 112, 6, '01:38:50.28', 8),
(47, 112, 7, '01:38:54.28', 6),
(55, 112, 8, '01:39:00.79', 4),
(44, 112, 9, '01:39:06.69', 2),
(18, 112, 10, '01:39:10.80', 1),
(36, 112, 11, '01:39:17.31', 0),
(48, 112, 12, '01:39:23.50', 0),
(50, 112, 13, '01:39:28.18', 0),
(70, 112, 14, '01:39:29.71', 0),
(66, 112, 15, '01:39:33.64', 0),
(20, 112, 16, '01:39:39.45', 0),
(1, 112, 17, '01:39:41.77', 0),
(10, 112, 18, '01:39:44.94', 0),
(62, 112, 19, '01:39:47.11', 0),
(21, 112, 20, '01:39:51.30', 0),
(65, 112, 21, '01:39:54.51', 0),
(67, 112, 22, '01:40:01.05', 0),
(53, 113, 1, '01:28:57.92', 25),
(67, 113, 2, '01:28:59.24', 18),
(44, 113, 3, '01:29:00.59', 15),
(73, 113, 4, '01:29:07.19', 12),
(30, 113, 5, '01:29:11.34', 10),
(47, 113, 6, '01:29:16.52', 8),
(16, 113, 7, '01:29:21.52', 6),
(28, 113, 8, '01:29:28.45', 4),
(34, 113, 9, '01:29:31.21', 2),
(61, 113, 10, '01:29:35.71', 1),
(74, 113, 11, '01:29:37.83', 0),
(75, 113, 12, '01:29:42.55', 0),
(58, 113, 13, '01:29:46.30', 0),
(56, 113, 14, '01:29:53.09', 0),
(48, 113, 15, '01:29:55.01', 0),
(10, 113, 16, '01:30:00.51', 0),
(3, 113, 17, '01:30:04.91', 0),
(37, 113, 18, '01:30:10.55', 0),
(55, 113, 19, '01:30:16.18', 0),
(12, 113, 20, '01:30:21.68', 0),
(65, 113, 21, '01:30:23.33', 0),
(29, 113, 22, '01:30:29.25', 0),
(31, 114, 1, '01:26:26.28', 25),
(12, 114, 2, '01:26:27.41', 18),
(74, 114, 3, '01:26:31.11', 15),
(49, 114, 4, '01:26:36.72', 12),
(26, 114, 5, '01:26:39.63', 10),
(72, 114, 6, '01:26:43.78', 8),
(34, 114, 7, '01:26:47.37', 6),
(22, 114, 8, '01:26:50.22', 4),
(39, 114, 9, '01:26:56.45', 2),
(68, 114, 10, '01:26:58.33', 1),
(6, 114, 11, '01:27:02.59', 0),
(54, 114, 12, '01:27:05.77', 0),
(11, 114, 13, '01:27:09.98', 0),
(59, 114, 14, '01:27:12.45', 0),
(73, 114, 15, '01:27:13.68', 0),
(64, 114, 16, '01:27:16.57', 0),
(16, 114, 17, '01:27:22.98', 0),
(3, 114, 18, '01:27:29.28', 0),
(37, 114, 19, '01:27:31.61', 0),
(7, 114, 20, '01:27:33.09', 0),
(9, 114, 21, '01:27:35.23', 0),
(63, 114, 22, '01:27:40.73', 0),
(8, 115, 1, '01:27:20.50', 25),
(71, 115, 2, '01:27:26.40', 18),
(37, 115, 3, '01:27:31.65', 15),
(29, 115, 4, '01:27:36.52', 12),
(20, 115, 5, '01:27:39.36', 10),
(47, 115, 6, '01:27:43.22', 8),
(48, 115, 7, '01:27:48.20', 6),
(36, 115, 8, '01:27:51.39', 4),
(18, 115, 9, '01:27:56.63', 2),
(6, 115, 10, '01:28:02.63', 1),
(22, 115, 11, '01:28:06.86', 0),
(34, 115, 12, '01:28:10.69', 0),
(74, 115, 13, '01:28:12.42', 0),
(64, 115, 14, '01:28:17.72', 0),
(75, 115, 15, '01:28:20.39', 0),
(15, 115, 16, '01:28:23.68', 0),
(65, 115, 17, '01:28:30.47', 0),
(21, 115, 18, '01:28:35.05', 0),
(59, 115, 19, '01:28:38.38', 0),
(56, 115, 20, '01:28:44.52', 0),
(51, 115, 21, '01:28:46.88', 0),
(58, 115, 22, '01:28:49.48', 0),
(19, 116, 1, '01:47:52.76', 25),
(27, 116, 2, '01:47:59.11', 18),
(54, 116, 3, '01:48:02.67', 15),
(70, 116, 4, '01:48:06.46', 12),
(55, 116, 5, '01:48:07.88', 10),
(47, 116, 6, '01:48:14.48', 8),
(64, 116, 7, '01:48:17.18', 6),
(37, 116, 8, '01:48:18.43', 4),
(16, 116, 9, '01:48:24.15', 2),
(48, 116, 10, '01:48:27.94', 1),
(59, 116, 11, '01:48:33.84', 0),
(42, 116, 12, '01:48:38.65', 0),
(20, 116, 13, '01:48:42.97', 0),
(39, 116, 14, '01:48:45.58', 0),
(56, 116, 15, '01:48:48.12', 0),
(2, 116, 16, '01:48:50.63', 0),
(6, 116, 17, '01:48:55.83', 0),
(24, 116, 18, '01:48:58.69', 0),
(11, 116, 19, '01:49:03.56', 0),
(75, 116, 20, '01:49:10.05', 0),
(68, 116, 21, '01:49:13.77', 0),
(69, 116, 22, '01:49:16.71', 0),
(29, 117, 1, '01:49:22.75', 25),
(15, 117, 2, '01:49:26.39', 18),
(14, 117, 3, '01:49:27.93', 15),
(50, 117, 4, '01:49:32.09', 12),
(74, 117, 5, '01:49:36.68', 10),
(75, 117, 6, '01:49:40.24', 8),
(12, 117, 7, '01:49:44.43', 6),
(4, 117, 8, '01:49:48.33', 4),
(40, 117, 9, '01:49:52.93', 2),
(38, 117, 10, '01:49:57.63', 1),
(66, 117, 11, '01:49:58.76', 0),
(43, 117, 12, '01:50:02.17', 0),
(23, 117, 13, '01:50:03.94', 0),
(17, 117, 14, '01:50:09.24', 0),
(27, 117, 15, '01:50:13.35', 0),
(34, 117, 16, '01:50:17.59', 0),
(21, 117, 17, '01:50:23.06', 0),
(69, 117, 18, '01:50:26.86', 0),
(73, 117, 19, '01:50:30.27', 0),
(58, 117, 20, '01:50:35.97', 0),
(2, 117, 21, '01:50:37.87', 0),
(3, 117, 22, '01:50:42.56', 0),
(68, 118, 1, '01:55:34.00', 25),
(72, 118, 2, '01:55:35.59', 18),
(32, 118, 3, '01:55:38.71', 15),
(57, 118, 4, '01:55:45.34', 12),
(62, 118, 5, '01:55:50.64', 10),
(1, 118, 6, '01:55:55.43', 8),
(48, 118, 7, '01:55:57.09', 6),
(40, 118, 8, '01:56:00.95', 4),
(67, 118, 9, '01:56:02.62', 2),
(74, 118, 10, '01:56:06.81', 1),
(20, 118, 11, '01:56:09.40', 0),
(39, 118, 12, '01:56:10.40', 0),
(22, 118, 13, '01:56:14.34', 0),
(3, 118, 14, '01:56:16.89', 0),
(34, 118, 15, '01:56:21.20', 0),
(19, 118, 16, '01:56:24.69', 0),
(25, 118, 17, '01:56:26.83', 0),
(16, 118, 18, '01:56:30.03', 0),
(70, 118, 19, '01:56:36.80', 0),
(37, 118, 20, '01:56:41.38', 0),
(27, 118, 21, '01:56:45.95', 0),
(26, 118, 22, '01:56:48.86', 0),
(26, 119, 1, '01:28:00.38', 25),
(57, 119, 2, '01:28:07.10', 18),
(47, 119, 3, '01:28:13.27', 15),
(17, 119, 4, '01:28:17.17', 12),
(41, 119, 5, '01:28:20.98', 10),
(15, 119, 6, '01:28:23.70', 8),
(45, 119, 7, '01:28:26.91', 6),
(36, 119, 8, '01:28:31.63', 4),
(21, 119, 9, '01:28:33.74', 2),
(11, 119, 10, '01:28:35.08', 1),
(75, 119, 11, '01:28:37.46', 0),
(25, 119, 12, '01:28:44.30', 0),
(63, 119, 13, '01:28:50.43', 0),
(65, 119, 14, '01:28:54.13', 0),
(64, 119, 15, '01:28:55.39', 0),
(48, 119, 16, '01:28:59.71', 0),
(52, 119, 17, '01:29:05.01', 0),
(35, 119, 18, '01:29:11.45', 0),
(32, 119, 19, '01:29:16.75', 0),
(62, 119, 20, '01:29:20.17', 0),
(60, 119, 21, '01:29:21.99', 0),
(42, 119, 22, '01:29:23.59', 0),
(10, 120, 1, '01:43:14.13', 25),
(48, 120, 2, '01:43:20.48', 18),
(47, 120, 3, '01:43:24.68', 15),
(19, 120, 4, '01:43:29.83', 12),
(49, 120, 5, '01:43:36.00', 10),
(23, 120, 6, '01:43:39.37', 8),
(29, 120, 7, '01:43:40.65', 6),
(45, 120, 8, '01:43:43.18', 4),
(58, 120, 9, '01:43:47.56', 2),
(15, 120, 10, '01:43:50.55', 1),
(3, 120, 11, '01:43:51.92', 0),
(41, 120, 12, '01:43:58.60', 0),
(55, 120, 13, '01:44:04.53', 0),
(61, 120, 14, '01:44:05.73', 0),
(50, 120, 15, '01:44:07.44', 0),
(39, 120, 16, '01:44:13.12', 0),
(68, 120, 17, '01:44:17.62', 0),
(56, 120, 18, '01:44:20.74', 0),
(33, 120, 19, '01:44:22.69', 0),
(35, 120, 20, '01:44:28.35', 0),
(5, 120, 21, '01:44:33.17', 0),
(74, 120, 22, '01:44:39.47', 0),
(54, 121, 1, '01:41:06.34', 25),
(61, 121, 2, '01:41:11.82', 18),
(17, 121, 3, '01:41:15.00', 15),
(15, 121, 4, '01:41:18.78', 12),
(65, 121, 5, '01:41:24.35', 10),
(72, 121, 6, '01:41:27.31', 8),
(36, 121, 7, '01:41:30.15', 6),
(51, 121, 8, '01:41:35.68', 4),
(67, 121, 9, '01:41:37.05', 2),
(45, 121, 10, '01:41:43.37', 1),
(50, 121, 11, '01:41:46.47', 0),
(26, 121, 12, '01:41:53.07', 0),
(9, 121, 13, '01:41:59.93', 0),
(32, 121, 14, '01:42:02.25', 0),
(71, 121, 15, '01:42:07.74', 0),
(35, 121, 16, '01:42:10.19', 0),
(68, 121, 17, '01:42:13.05', 0),
(6, 121, 18, '01:42:14.29', 0),
(23, 121, 19, '01:42:18.54', 0),
(22, 121, 20, '01:42:24.07', 0),
(55, 121, 21, '01:42:26.62', 0),
(52, 121, 22, '01:42:32.33', 0),
(30, 122, 1, '01:46:50.41', 25),
(20, 122, 2, '01:46:53.11', 18),
(26, 122, 3, '01:46:55.45', 15),
(16, 122, 4, '01:47:01.60', 12),
(42, 122, 5, '01:47:05.33', 10),
(61, 122, 6, '01:47:10.61', 8),
(60, 122, 7, '01:47:13.73', 6),
(36, 122, 8, '01:47:16.18', 4),
(59, 122, 9, '01:47:18.86', 2),
(50, 122, 10, '01:47:21.55', 1),
(28, 122, 11, '01:47:26.30', 0),
(11, 122, 12, '01:47:32.65', 0),
(12, 122, 13, '01:47:36.96', 0),
(35, 122, 14, '01:47:42.51', 0),
(58, 122, 15, '01:47:47.36', 0),
(3, 122, 16, '01:47:52.93', 0),
(7, 122, 17, '01:47:56.12', 0),
(6, 122, 18, '01:47:57.59', 0),
(39, 122, 19, '01:48:02.86', 0),
(40, 122, 20, '01:48:08.40', 0),
(74, 122, 21, '01:48:10.15', 0),
(25, 122, 22, '01:48:15.09', 0),
(9, 123, 1, '01:21:35.89', 25),
(69, 123, 2, '01:21:42.59', 18),
(37, 123, 3, '01:21:48.97', 15),
(50, 123, 4, '01:21:54.28', 12),
(66, 123, 5, '01:21:55.98', 10),
(40, 123, 6, '01:21:58.08', 8),
(73, 123, 7, '01:22:02.83', 6),
(42, 123, 8, '01:22:04.51', 4),
(3, 123, 9, '01:22:11.27', 2),
(16, 123, 10, '01:22:12.87', 1),
(39, 123, 11, '01:22:14.81', 0),
(1, 123, 12, '01:22:21.64', 0),
(15, 123, 13, '01:22:24.63', 0),
(27, 123, 14, '01:22:31.50', 0),
(60, 123, 15, '01:22:32.78', 0),
(74, 123, 16, '01:22:35.32', 0),
(65, 123, 17, '01:22:41.02', 0),
(4, 123, 18, '01:22:42.39', 0),
(70, 123, 19, '01:22:44.07', 0),
(24, 123, 20, '01:22:47.77', 0),
(29, 123, 21, '01:22:54.36', 0),
(18, 123, 22, '01:22:56.35', 0);

INSERT INTO `Diberi_kepada` VALUES
(46, 1, 1),
(40, 1, 2),
(5, 1, 3),
(66, 2, 4),
(56, 2, 5),
(56, 2, 6),
(15, 3, 7),
(6, 3, 8),
(30, 3, 9),
(44, 4, 10),
(29, 4, 11),
(35, 4, 12),
(16, 5, 13),
(67, 5, 14),
(73, 5, 15),
(21, 6, 16),
(73, 6, 17),
(73, 6, 18),
(58, 7, 19),
(58, 7, 20),
(28, 7, 21),
(36, 8, 22),
(10, 8, 23),
(66, 8, 24),
(23, 9, 25),
(59, 9, 26),
(55, 9, 27),
(1, 10, 28),
(17, 10, 29),
(15, 10, 30),
(2, 11, 31),
(53, 11, 32),
(61, 11, 33),
(36, 12, 34),
(56, 12, 35),
(38, 12, 36),
(57, 13, 37),
(65, 13, 38),
(23, 13, 39),
(50, 14, 40),
(69, 14, 41),
(40, 14, 42),
(27, 15, 43),
(17, 15, 44),
(50, 15, 45),
(13, 16, 46),
(75, 16, 47),
(23, 16, 48),
(64, 17, 49),
(10, 17, 50),
(70, 17, 51),
(50, 18, 52),
(5, 18, 53),
(49, 18, 54),
(53, 19, 55),
(68, 19, 56),
(73, 19, 57),
(34, 20, 58),
(31, 20, 59),
(43, 20, 60),
(28, 21, 61),
(69, 21, 62),
(21, 21, 63),
(62, 22, 64),
(68, 22, 65),
(68, 22, 66),
(7, 23, 67),
(69, 23, 68),
(69, 23, 69),
(75, 24, 70),
(42, 24, 71),
(32, 24, 72),
(66, 25, 73),
(55, 25, 74),
(75, 25, 75),
(70, 26, 76),
(73, 26, 77),
(9, 26, 78),
(1, 27, 79),
(39, 27, 80),
(75, 27, 81),
(31, 28, 82),
(16, 28, 83),
(25, 28, 84),
(4, 29, 85),
(4, 29, 86),
(51, 29, 87),
(12, 30, 88),
(43, 30, 89),
(39, 30, 90),
(66, 31, 91),
(32, 31, 92),
(4, 31, 93),
(56, 32, 94),
(17, 32, 95),
(54, 32, 96),
(20, 33, 97),
(16, 33, 98),
(53, 33, 99),
(59, 34, 100),
(12, 34, 101),
(28, 34, 102),
(6, 35, 103),
(16, 35, 104),
(3, 35, 105),
(36, 36, 106),
(31, 36, 107),
(13, 36, 108),
(67, 37, 109),
(60, 37, 110),
(27, 37, 111),
(12, 38, 112),
(8, 38, 113),
(46, 38, 114),
(15, 39, 115),
(62, 39, 116),
(21, 39, 117),
(72, 40, 118),
(28, 40, 119),
(69, 40, 120),
(57, 41, 121),
(16, 41, 122),
(70, 41, 123),
(25, 42, 124),
(13, 42, 125),
(13, 42, 126),
(15, 43, 127),
(60, 43, 128),
(75, 43, 129),
(10, 44, 130),
(63, 44, 131),
(52, 44, 132),
(67, 45, 133),
(64, 45, 134),
(67, 45, 135),
(37, 46, 136),
(5, 46, 137),
(16, 46, 138),
(49, 47, 139),
(47, 47, 140),
(32, 47, 141),
(42, 48, 142),
(4, 48, 143),
(22, 48, 144),
(2, 49, 145),
(39, 49, 146),
(29, 49, 147),
(63, 50, 148),
(2, 50, 149),
(2, 50, 150),
(67, 51, 151),
(21, 51, 152),
(9, 51, 153),
(3, 52, 154),
(34, 52, 155),
(75, 52, 156),
(3, 53, 157),
(17, 53, 158),
(4, 53, 159),
(24, 54, 160),
(29, 54, 161),
(75, 54, 162),
(30, 55, 163),
(9, 55, 164),
(57, 55, 165),
(12, 56, 166),
(55, 56, 167),
(66, 56, 168),
(71, 57, 169),
(10, 57, 170),
(26, 57, 171),
(23, 58, 172),
(12, 58, 173),
(40, 58, 174),
(7, 59, 175),
(34, 59, 176),
(2, 59, 177),
(70, 60, 178),
(32, 60, 179),
(7, 60, 180),
(11, 61, 181),
(49, 61, 182),
(49, 61, 183),
(20, 62, 184),
(59, 62, 185),
(3, 62, 186),
(7, 63, 187),
(11, 63, 188),
(47, 63, 189),
(65, 64, 190),
(27, 64, 191),
(1, 64, 192),
(29, 65, 193),
(22, 65, 194),
(60, 65, 195),
(45, 66, 196),
(27, 66, 197),
(9, 66, 198),
(56, 67, 199),
(7, 67, 200),
(2, 67, 201),
(45, 68, 202),
(32, 68, 203),
(45, 68, 204),
(58, 69, 205),
(17, 69, 206),
(75, 69, 207),
(46, 70, 208),
(41, 70, 209),
(22, 70, 210),
(50, 71, 211),
(4, 71, 212),
(28, 71, 213),
(47, 72, 214),
(29, 72, 215),
(19, 72, 216),
(72, 73, 217),
(44, 73, 218),
(42, 73, 219),
(49, 74, 220),
(3, 74, 221),
(4, 74, 222),
(40, 75, 223),
(63, 75, 224),
(46, 75, 225),
(11, 76, 226),
(45, 76, 227),
(48, 76, 228),
(1, 77, 229),
(9, 77, 230),
(36, 77, 231),
(11, 78, 232),
(24, 78, 233),
(29, 78, 234),
(60, 79, 235),
(8, 79, 236),
(49, 79, 237),
(14, 80, 238),
(20, 80, 239),
(49, 80, 240),
(7, 81, 241),
(30, 81, 242),
(7, 81, 243),
(42, 82, 244),
(75, 82, 245),
(7, 82, 246),
(73, 83, 247),
(27, 83, 248),
(9, 83, 249),
(45, 84, 250),
(10, 84, 251),
(57, 84, 252),
(28, 85, 253),
(6, 85, 254),
(56, 85, 255),
(4, 86, 256),
(43, 86, 257),
(14, 86, 258),
(70, 87, 259),
(67, 87, 260),
(61, 87, 261),
(36, 88, 262),
(69, 88, 263),
(30, 88, 264),
(72, 89, 265),
(61, 89, 266),
(66, 89, 267),
(19, 90, 268),
(45, 90, 269),
(70, 90, 270),
(62, 91, 271),
(49, 91, 272),
(52, 91, 273),
(52, 92, 274),
(31, 92, 275),
(34, 92, 276),
(37, 93, 277),
(15, 93, 278),
(49, 93, 279),
(53, 94, 280),
(49, 94, 281),
(27, 94, 282),
(25, 95, 283),
(55, 95, 284),
(2, 95, 285),
(37, 96, 286),
(1, 96, 287),
(71, 96, 288),
(15, 97, 289),
(23, 97, 290),
(68, 97, 291),
(41, 98, 292),
(41, 98, 293),
(31, 98, 294),
(41, 99, 295),
(27, 99, 296),
(62, 99, 297),
(18, 100, 298),
(74, 100, 299),
(20, 100, 300),
(37, 101, 301),
(30, 101, 302),
(75, 101, 303),
(58, 102, 304),
(56, 102, 305),
(63, 102, 306),
(12, 103, 307),
(74, 103, 308),
(67, 103, 309),
(12, 104, 310),
(37, 104, 311),
(33, 104, 312),
(19, 105, 313),
(32, 105, 314),
(62, 105, 315),
(6, 106, 316),
(65, 106, 317),
(7, 106, 318),
(4, 107, 319),
(40, 107, 320),
(38, 107, 321),
(57, 108, 322),
(70, 108, 323),
(4, 108, 324),
(18, 109, 325),
(15, 109, 326),
(66, 109, 327),
(4, 110, 328),
(50, 110, 329),
(62, 110, 330),
(17, 111, 331),
(60, 111, 332),
(31, 111, 333),
(70, 112, 334),
(66, 112, 335),
(50, 112, 336),
(56, 113, 337),
(12, 113, 338),
(53, 113, 339),
(16, 114, 340),
(7, 114, 341),
(7, 114, 342),
(74, 115, 343),
(18, 115, 344),
(64, 115, 345),
(75, 116, 346),
(19, 116, 347),
(54, 116, 348),
(43, 117, 349),
(17, 117, 350),
(15, 117, 351),
(16, 118, 352),
(20, 118, 353),
(20, 118, 354),
(60, 119, 355),
(11, 119, 356),
(17, 119, 357),
(35, 120, 358),
(48, 120, 359),
(47, 120, 360),
(45, 121, 361),
(23, 121, 362),
(71, 121, 363),
(35, 122, 364),
(26, 122, 365),
(11, 122, 366),
(9, 123, 367),
(60, 123, 368),
(66, 123, 369);

INSERT INTO `Mengawasi` VALUES
(9, 1, 1),
(6, 2, 1),
(5, 3, 1),
(7, 4, 1),
(10, 5, 2),
(2, 6, 2),
(6, 7, 2),
(3, 8, 2),
(20, 9, 3),
(18, 10, 3),
(15, 11, 3),
(20, 12, 3),
(15, 13, 4),
(19, 14, 4),
(11, 15, 4),
(7, 16, 4),
(8, 17, 5),
(3, 18, 5),
(10, 19, 5),
(5, 20, 5),
(6, 21, 6),
(4, 22, 6),
(8, 23, 6),
(17, 24, 6),
(17, 25, 7),
(15, 26, 7),
(7, 27, 7),
(15, 28, 7),
(20, 29, 8),
(14, 30, 8),
(20, 31, 8),
(19, 32, 8),
(10, 33, 9),
(19, 34, 9),
(20, 35, 9),
(13, 36, 9),
(19, 37, 10),
(5, 38, 10),
(14, 39, 10),
(16, 40, 10),
(20, 41, 11),
(9, 42, 11),
(11, 43, 11),
(13, 44, 11),
(7, 45, 12),
(6, 46, 12),
(12, 47, 12),
(2, 48, 12),
(20, 49, 13),
(14, 50, 13),
(4, 51, 13),
(2, 52, 13),
(4, 53, 14),
(1, 54, 14),
(1, 55, 14),
(17, 56, 14),
(14, 57, 15),
(10, 58, 15),
(18, 59, 15),
(2, 60, 15),
(16, 61, 16),
(17, 62, 16),
(13, 63, 16),
(7, 64, 16),
(13, 65, 17),
(14, 66, 17),
(10, 67, 17),
(6, 68, 17),
(19, 69, 18),
(1, 70, 18),
(14, 71, 18),
(17, 72, 18),
(20, 73, 19),
(12, 74, 19),
(10, 75, 19),
(2, 76, 19),
(17, 77, 20),
(3, 78, 20),
(8, 79, 20),
(19, 80, 20),
(20, 81, 21),
(10, 82, 21),
(14, 83, 21),
(9, 84, 21),
(19, 85, 22),
(9, 86, 22),
(1, 87, 22),
(14, 88, 22),
(10, 89, 23),
(7, 90, 23),
(20, 91, 23),
(4, 92, 23),
(4, 93, 24),
(18, 94, 24),
(18, 95, 24),
(9, 96, 24),
(6, 97, 25),
(2, 98, 25),
(13, 99, 25),
(11, 100, 25),
(1, 101, 26),
(9, 102, 26),
(7, 103, 26),
(17, 104, 26),
(3, 105, 27),
(7, 106, 27),
(9, 107, 27),
(14, 108, 27),
(11, 109, 28),
(17, 110, 28),
(8, 111, 28),
(3, 112, 28),
(15, 113, 29),
(2, 114, 29),
(9, 115, 29),
(14, 116, 29),
(4, 117, 30),
(19, 118, 30),
(20, 119, 30),
(1, 120, 30),
(5, 121, 31),
(8, 122, 31),
(10, 123, 31),
(1, 124, 31),
(14, 125, 32),
(13, 126, 32),
(13, 127, 32),
(1, 128, 32),
(2, 129, 33),
(5, 130, 33),
(11, 131, 33),
(2, 132, 33),
(13, 133, 34),
(4, 134, 34),
(17, 135, 34),
(7, 136, 34),
(12, 137, 35),
(14, 138, 35),
(15, 139, 35),
(20, 140, 35),
(16, 141, 36),
(15, 142, 36),
(10, 143, 36),
(5, 144, 36),
(11, 145, 37),
(18, 146, 37),
(5, 147, 37),
(8, 148, 37),
(3, 149, 38),
(6, 150, 38),
(13, 151, 38),
(16, 152, 38),
(8, 153, 39),
(18, 154, 39),
(2, 155, 39),
(13, 156, 39),
(2, 157, 40),
(13, 158, 40),
(19, 159, 40),
(5, 160, 40),
(11, 161, 41),
(20, 162, 41),
(8, 163, 41),
(4, 164, 41),
(18, 165, 42),
(10, 166, 42),
(17, 167, 42),
(15, 168, 42),
(12, 169, 43),
(18, 170, 43),
(9, 171, 43),
(18, 172, 43),
(16, 173, 44),
(10, 174, 44),
(4, 175, 44),
(19, 176, 44),
(19, 177, 45),
(19, 178, 45),
(4, 179, 45),
(11, 180, 45),
(9, 181, 46),
(9, 182, 46),
(10, 183, 46),
(2, 184, 46),
(13, 185, 47),
(18, 186, 47),
(13, 187, 47),
(16, 188, 47),
(18, 189, 48),
(1, 190, 48),
(8, 191, 48),
(13, 192, 48),
(13, 193, 49),
(10, 194, 49),
(5, 195, 49),
(16, 196, 49),
(18, 197, 50),
(15, 198, 50),
(8, 199, 50),
(14, 200, 50),
(17, 201, 51),
(17, 202, 51),
(18, 203, 51),
(5, 204, 51),
(15, 205, 52),
(16, 206, 52),
(13, 207, 52),
(8, 208, 52),
(15, 209, 53),
(12, 210, 53),
(10, 211, 53),
(4, 212, 53),
(4, 213, 54),
(4, 214, 54),
(5, 215, 54),
(6, 216, 54),
(17, 217, 55),
(2, 218, 55),
(15, 219, 55),
(9, 220, 55),
(18, 221, 56),
(9, 222, 56),
(3, 223, 56),
(18, 224, 56),
(12, 225, 57),
(3, 226, 57),
(11, 227, 57),
(17, 228, 57),
(9, 229, 58),
(16, 230, 58),
(10, 231, 58),
(10, 232, 58),
(1, 233, 59),
(1, 234, 59),
(10, 235, 59),
(1, 236, 59),
(3, 237, 60),
(15, 238, 60),
(11, 239, 60),
(7, 240, 60),
(18, 241, 61),
(18, 242, 61),
(6, 243, 61),
(8, 244, 61),
(13, 245, 62),
(2, 246, 62),
(18, 247, 62),
(15, 248, 62),
(8, 249, 63),
(10, 250, 63),
(3, 251, 63),
(1, 252, 63),
(16, 253, 64),
(20, 254, 64),
(5, 255, 64),
(18, 256, 64),
(17, 257, 65),
(5, 258, 65),
(14, 259, 65),
(13, 260, 65),
(17, 261, 66),
(7, 262, 66),
(6, 263, 66),
(1, 264, 66),
(18, 265, 67),
(18, 266, 67),
(7, 267, 67),
(10, 268, 67),
(20, 269, 68),
(16, 270, 68),
(4, 271, 68),
(6, 272, 68),
(13, 273, 69),
(7, 274, 69),
(19, 275, 69),
(1, 276, 69),
(18, 277, 70),
(16, 278, 70),
(14, 279, 70),
(20, 280, 70),
(2, 281, 71),
(8, 282, 71),
(18, 283, 71),
(9, 284, 71),
(5, 285, 72),
(5, 286, 72),
(5, 287, 72),
(17, 288, 72),
(9, 289, 73),
(16, 290, 73),
(13, 291, 73),
(13, 292, 73),
(15, 293, 74),
(1, 294, 74),
(14, 295, 74),
(12, 296, 74),
(5, 297, 75),
(7, 298, 75),
(9, 299, 75),
(5, 300, 75),
(6, 301, 76),
(18, 302, 76),
(8, 303, 76),
(1, 304, 76),
(17, 305, 77),
(16, 306, 77),
(5, 307, 77),
(20, 308, 77),
(1, 309, 78),
(18, 310, 78),
(14, 311, 78),
(19, 312, 78),
(8, 313, 79),
(10, 314, 79),
(13, 315, 79),
(5, 316, 79),
(18, 317, 80),
(10, 318, 80),
(12, 319, 80),
(14, 320, 80),
(9, 321, 81),
(7, 322, 81),
(18, 323, 81),
(18, 324, 81),
(12, 325, 82),
(4, 326, 82),
(2, 327, 82),
(12, 328, 82),
(15, 329, 83),
(18, 330, 83),
(1, 331, 83),
(13, 332, 83),
(20, 333, 84),
(19, 334, 84),
(10, 335, 84),
(15, 336, 84),
(11, 337, 85),
(14, 338, 85),
(1, 339, 85),
(1, 340, 85),
(18, 341, 86),
(20, 342, 86),
(2, 343, 86),
(2, 344, 86),
(16, 345, 87),
(10, 346, 87),
(10, 347, 87),
(4, 348, 87),
(6, 349, 88),
(19, 350, 88),
(6, 351, 88),
(6, 352, 88),
(4, 353, 89),
(11, 354, 89),
(7, 355, 89),
(8, 356, 89),
(17, 357, 90),
(5, 358, 90),
(5, 359, 90),
(11, 360, 90),
(16, 361, 91),
(19, 362, 91),
(8, 363, 91),
(13, 364, 91),
(1, 365, 92),
(1, 366, 92),
(7, 367, 92),
(4, 368, 92),
(20, 369, 93),
(8, 370, 93),
(12, 371, 93),
(11, 372, 93),
(2, 373, 94),
(2, 374, 94),
(7, 375, 94),
(4, 376, 94),
(6, 377, 95),
(1, 378, 95),
(6, 379, 95),
(15, 380, 95),
(17, 381, 96),
(4, 382, 96),
(12, 383, 96),
(4, 384, 96),
(6, 385, 97),
(1, 386, 97),
(13, 387, 97),
(6, 388, 97),
(10, 389, 98),
(20, 390, 98),
(11, 391, 98),
(16, 392, 98),
(8, 393, 99),
(8, 394, 99),
(18, 395, 99),
(11, 396, 99),
(5, 397, 100),
(20, 398, 100),
(3, 399, 100),
(2, 400, 100),
(12, 401, 101),
(13, 402, 101),
(19, 403, 101),
(1, 404, 101),
(9, 405, 102),
(14, 406, 102),
(12, 407, 102),
(10, 408, 102),
(7, 409, 103),
(2, 410, 103),
(6, 411, 103),
(16, 412, 103),
(6, 413, 104),
(19, 414, 104),
(7, 415, 104),
(9, 416, 104),
(6, 417, 105),
(4, 418, 105),
(11, 419, 105),
(5, 420, 105),
(18, 421, 106),
(6, 422, 106),
(4, 423, 106),
(1, 424, 106),
(17, 425, 107),
(4, 426, 107),
(9, 427, 107),
(11, 428, 107),
(13, 429, 108),
(6, 430, 108),
(15, 431, 108),
(5, 432, 108),
(4, 433, 109),
(7, 434, 109),
(14, 435, 109),
(17, 436, 109),
(7, 437, 110),
(8, 438, 110),
(17, 439, 110),
(7, 440, 110),
(2, 441, 111),
(11, 442, 111),
(5, 443, 111),
(3, 444, 111),
(13, 445, 112),
(18, 446, 112),
(5, 447, 112),
(1, 448, 112),
(13, 449, 113),
(18, 450, 113),
(9, 451, 113),
(13, 452, 113),
(15, 453, 114),
(14, 454, 114),
(9, 455, 114),
(15, 456, 114),
(19, 457, 115),
(2, 458, 115),
(6, 459, 115),
(16, 460, 115),
(20, 461, 116),
(12, 462, 116),
(19, 463, 116),
(9, 464, 116),
(5, 465, 117),
(18, 466, 117),
(3, 467, 117),
(18, 468, 117),
(20, 469, 118),
(3, 470, 118),
(20, 471, 118),
(13, 472, 118),
(7, 473, 119),
(2, 474, 119),
(1, 475, 119),
(16, 476, 119),
(15, 477, 120),
(17, 478, 120),
(16, 479, 120),
(11, 480, 120),
(4, 481, 121),
(14, 482, 121),
(3, 483, 121),
(10, 484, 121),
(19, 485, 122),
(20, 486, 122),
(14, 487, 122),
(7, 488, 122),
(8, 489, 123),
(3, 490, 123),
(17, 491, 123),
(20, 492, 123);

COMMIT;